legacy_role_id,role_name,legacy_permission_id,permission_key,proposed_role_key,grant_evidence
1,sadmin,1,browse_admin,sadmin,CONFIRMED: permission_role INSERT
2,admin,1,browse_admin,admin,CONFIRMED: permission_role INSERT
100,User,1,browse_admin,user,CONFIRMED: permission_role INSERT
101,Agent,1,browse_admin,agent,CONFIRMED: permission_role INSERT
102,Candidate,1,browse_admin,candidate,CONFIRMED: permission_role INSERT
103,Teacher,1,browse_admin,teacher,CONFIRMED: permission_role INSERT
104,Employee,1,browse_admin,employee,CONFIRMED: permission_role INSERT
106,owner,1,browse_admin,owner,CONFIRMED: permission_role INSERT
108,Agency,1,browse_admin,agency,CONFIRMED: permission_role INSERT
109,Sub Agent,1,browse_admin,sub.agent,CONFIRMED: permission_role INSERT
110,others,1,browse_admin,others,CONFIRMED: permission_role INSERT
1,sadmin,2,browse_bread,sadmin,CONFIRMED: permission_role INSERT
2,admin,2,browse_bread,admin,CONFIRMED: permission_role INSERT
1,sadmin,3,browse_database,sadmin,CONFIRMED: permission_role INSERT
2,admin,3,browse_database,admin,CONFIRMED: permission_role INSERT
1,sadmin,4,browse_media,sadmin,CONFIRMED: permission_role INSERT
2,admin,4,browse_media,admin,CONFIRMED: permission_role INSERT
103,Teacher,4,browse_media,teacher,CONFIRMED: permission_role INSERT
104,Employee,4,browse_media,employee,CONFIRMED: permission_role INSERT
106,owner,4,browse_media,owner,CONFIRMED: permission_role INSERT
1,sadmin,5,browse_compass,sadmin,CONFIRMED: permission_role INSERT
2,admin,5,browse_compass,admin,CONFIRMED: permission_role INSERT
1,sadmin,6,browse_menus,sadmin,CONFIRMED: permission_role INSERT
2,admin,6,browse_menus,admin,CONFIRMED: permission_role INSERT
1,sadmin,7,read_menus,sadmin,CONFIRMED: permission_role INSERT
2,admin,7,read_menus,admin,CONFIRMED: permission_role INSERT
1,sadmin,8,edit_menus,sadmin,CONFIRMED: permission_role INSERT
2,admin,8,edit_menus,admin,CONFIRMED: permission_role INSERT
1,sadmin,9,add_menus,sadmin,CONFIRMED: permission_role INSERT
2,admin,9,add_menus,admin,CONFIRMED: permission_role INSERT
1,sadmin,10,delete_menus,sadmin,CONFIRMED: permission_role INSERT
2,admin,10,delete_menus,admin,CONFIRMED: permission_role INSERT
1,sadmin,11,browse_roles,sadmin,CONFIRMED: permission_role INSERT
2,admin,11,browse_roles,admin,CONFIRMED: permission_role INSERT
1,sadmin,12,read_roles,sadmin,CONFIRMED: permission_role INSERT
2,admin,12,read_roles,admin,CONFIRMED: permission_role INSERT
1,sadmin,13,edit_roles,sadmin,CONFIRMED: permission_role INSERT
2,admin,13,edit_roles,admin,CONFIRMED: permission_role INSERT
1,sadmin,14,add_roles,sadmin,CONFIRMED: permission_role INSERT
2,admin,14,add_roles,admin,CONFIRMED: permission_role INSERT
1,sadmin,15,delete_roles,sadmin,CONFIRMED: permission_role INSERT
2,admin,15,delete_roles,admin,CONFIRMED: permission_role INSERT
1,sadmin,16,browse_users,sadmin,CONFIRMED: permission_role INSERT
2,admin,16,browse_users,admin,CONFIRMED: permission_role INSERT
106,owner,16,browse_users,owner,CONFIRMED: permission_role INSERT
1,sadmin,17,read_users,sadmin,CONFIRMED: permission_role INSERT
2,admin,17,read_users,admin,CONFIRMED: permission_role INSERT
1,sadmin,18,edit_users,sadmin,CONFIRMED: permission_role INSERT
2,admin,18,edit_users,admin,CONFIRMED: permission_role INSERT
106,owner,18,edit_users,owner,CONFIRMED: permission_role INSERT
1,sadmin,19,add_users,sadmin,CONFIRMED: permission_role INSERT
2,admin,19,add_users,admin,CONFIRMED: permission_role INSERT
1,sadmin,20,delete_users,sadmin,CONFIRMED: permission_role INSERT
2,admin,20,delete_users,admin,CONFIRMED: permission_role INSERT
1,sadmin,21,browse_settings,sadmin,CONFIRMED: permission_role INSERT
1,sadmin,22,read_settings,sadmin,CONFIRMED: permission_role INSERT
1,sadmin,23,edit_settings,sadmin,CONFIRMED: permission_role INSERT
1,sadmin,24,add_settings,sadmin,CONFIRMED: permission_role INSERT
1,sadmin,25,delete_settings,sadmin,CONFIRMED: permission_role INSERT
1,sadmin,26,browse_categories,sadmin,CONFIRMED: permission_role INSERT
100,User,26,browse_categories,user,CONFIRMED: permission_role INSERT
106,owner,26,browse_categories,owner,CONFIRMED: permission_role INSERT
1,sadmin,27,read_categories,sadmin,CONFIRMED: permission_role INSERT
100,User,27,read_categories,user,CONFIRMED: permission_role INSERT
106,owner,27,read_categories,owner,CONFIRMED: permission_role INSERT
1,sadmin,28,edit_categories,sadmin,CONFIRMED: permission_role INSERT
100,User,28,edit_categories,user,CONFIRMED: permission_role INSERT
106,owner,28,edit_categories,owner,CONFIRMED: permission_role INSERT
1,sadmin,29,add_categories,sadmin,CONFIRMED: permission_role INSERT
100,User,29,add_categories,user,CONFIRMED: permission_role INSERT
106,owner,29,add_categories,owner,CONFIRMED: permission_role INSERT
1,sadmin,30,delete_categories,sadmin,CONFIRMED: permission_role INSERT
100,User,30,delete_categories,user,CONFIRMED: permission_role INSERT
106,owner,30,delete_categories,owner,CONFIRMED: permission_role INSERT
1,sadmin,31,browse_posts,sadmin,CONFIRMED: permission_role INSERT
100,User,31,browse_posts,user,CONFIRMED: permission_role INSERT
106,owner,31,browse_posts,owner,CONFIRMED: permission_role INSERT
1,sadmin,32,read_posts,sadmin,CONFIRMED: permission_role INSERT
100,User,32,read_posts,user,CONFIRMED: permission_role INSERT
106,owner,32,read_posts,owner,CONFIRMED: permission_role INSERT
1,sadmin,33,edit_posts,sadmin,CONFIRMED: permission_role INSERT
100,User,33,edit_posts,user,CONFIRMED: permission_role INSERT
106,owner,33,edit_posts,owner,CONFIRMED: permission_role INSERT
1,sadmin,34,add_posts,sadmin,CONFIRMED: permission_role INSERT
100,User,34,add_posts,user,CONFIRMED: permission_role INSERT
106,owner,34,add_posts,owner,CONFIRMED: permission_role INSERT
1,sadmin,35,delete_posts,sadmin,CONFIRMED: permission_role INSERT
100,User,35,delete_posts,user,CONFIRMED: permission_role INSERT
106,owner,35,delete_posts,owner,CONFIRMED: permission_role INSERT
1,sadmin,36,browse_pages,sadmin,CONFIRMED: permission_role INSERT
100,User,36,browse_pages,user,CONFIRMED: permission_role INSERT
106,owner,36,browse_pages,owner,CONFIRMED: permission_role INSERT
1,sadmin,37,read_pages,sadmin,CONFIRMED: permission_role INSERT
100,User,37,read_pages,user,CONFIRMED: permission_role INSERT
106,owner,37,read_pages,owner,CONFIRMED: permission_role INSERT
1,sadmin,38,edit_pages,sadmin,CONFIRMED: permission_role INSERT
100,User,38,edit_pages,user,CONFIRMED: permission_role INSERT
106,owner,38,edit_pages,owner,CONFIRMED: permission_role INSERT
1,sadmin,39,add_pages,sadmin,CONFIRMED: permission_role INSERT
100,User,39,add_pages,user,CONFIRMED: permission_role INSERT
106,owner,39,add_pages,owner,CONFIRMED: permission_role INSERT
1,sadmin,40,delete_pages,sadmin,CONFIRMED: permission_role INSERT
100,User,40,delete_pages,user,CONFIRMED: permission_role INSERT
106,owner,40,delete_pages,owner,CONFIRMED: permission_role INSERT
1,sadmin,76,browse_agents,sadmin,CONFIRMED: permission_role INSERT
106,owner,76,browse_agents,owner,CONFIRMED: permission_role INSERT
1,sadmin,77,read_agents,sadmin,CONFIRMED: permission_role INSERT
1,sadmin,78,edit_agents,sadmin,CONFIRMED: permission_role INSERT
106,owner,78,edit_agents,owner,CONFIRMED: permission_role INSERT
1,sadmin,79,add_agents,sadmin,CONFIRMED: permission_role INSERT
106,owner,79,add_agents,owner,CONFIRMED: permission_role INSERT
1,sadmin,80,delete_agents,sadmin,CONFIRMED: permission_role INSERT
106,owner,80,delete_agents,owner,CONFIRMED: permission_role INSERT
1,sadmin,81,browse_teachers,sadmin,CONFIRMED: permission_role INSERT
103,Teacher,81,browse_teachers,teacher,CONFIRMED: permission_role INSERT
104,Employee,81,browse_teachers,employee,CONFIRMED: permission_role INSERT
106,owner,81,browse_teachers,owner,CONFIRMED: permission_role INSERT
1,sadmin,82,read_teachers,sadmin,CONFIRMED: permission_role INSERT
103,Teacher,82,read_teachers,teacher,CONFIRMED: permission_role INSERT
104,Employee,82,read_teachers,employee,CONFIRMED: permission_role INSERT
1,sadmin,83,edit_teachers,sadmin,CONFIRMED: permission_role INSERT
104,Employee,83,edit_teachers,employee,CONFIRMED: permission_role INSERT
106,owner,83,edit_teachers,owner,CONFIRMED: permission_role INSERT
1,sadmin,84,add_teachers,sadmin,CONFIRMED: permission_role INSERT
104,Employee,84,add_teachers,employee,CONFIRMED: permission_role INSERT
106,owner,84,add_teachers,owner,CONFIRMED: permission_role INSERT
1,sadmin,85,delete_teachers,sadmin,CONFIRMED: permission_role INSERT
104,Employee,85,delete_teachers,employee,CONFIRMED: permission_role INSERT
106,owner,85,delete_teachers,owner,CONFIRMED: permission_role INSERT
1,sadmin,86,browse_candidates,sadmin,CONFIRMED: permission_role INSERT
101,Agent,86,browse_candidates,agent,CONFIRMED: permission_role INSERT
103,Teacher,86,browse_candidates,teacher,CONFIRMED: permission_role INSERT
104,Employee,86,browse_candidates,employee,CONFIRMED: permission_role INSERT
106,owner,86,browse_candidates,owner,CONFIRMED: permission_role INSERT
108,Agency,86,browse_candidates,agency,CONFIRMED: permission_role INSERT
109,Sub Agent,86,browse_candidates,sub.agent,CONFIRMED: permission_role INSERT
110,others,86,browse_candidates,others,CONFIRMED: permission_role INSERT
1,sadmin,87,read_candidates,sadmin,CONFIRMED: permission_role INSERT
104,Employee,87,read_candidates,employee,CONFIRMED: permission_role INSERT
1,sadmin,88,edit_candidates,sadmin,CONFIRMED: permission_role INSERT
101,Agent,88,edit_candidates,agent,CONFIRMED: permission_role INSERT
103,Teacher,88,edit_candidates,teacher,CONFIRMED: permission_role INSERT
104,Employee,88,edit_candidates,employee,CONFIRMED: permission_role INSERT
106,owner,88,edit_candidates,owner,CONFIRMED: permission_role INSERT
108,Agency,88,edit_candidates,agency,CONFIRMED: permission_role INSERT
109,Sub Agent,88,edit_candidates,sub.agent,CONFIRMED: permission_role INSERT
110,others,88,edit_candidates,others,CONFIRMED: permission_role INSERT
1,sadmin,89,add_candidates,sadmin,CONFIRMED: permission_role INSERT
104,Employee,89,add_candidates,employee,CONFIRMED: permission_role INSERT
106,owner,89,add_candidates,owner,CONFIRMED: permission_role INSERT
1,sadmin,90,delete_candidates,sadmin,CONFIRMED: permission_role INSERT
1,sadmin,91,browse_class_groups,sadmin,CONFIRMED: permission_role INSERT
106,owner,91,browse_class_groups,owner,CONFIRMED: permission_role INSERT
1,sadmin,92,read_class_groups,sadmin,CONFIRMED: permission_role INSERT
106,owner,92,read_class_groups,owner,CONFIRMED: permission_role INSERT
1,sadmin,93,edit_class_groups,sadmin,CONFIRMED: permission_role INSERT
106,owner,93,edit_class_groups,owner,CONFIRMED: permission_role INSERT
1,sadmin,94,add_class_groups,sadmin,CONFIRMED: permission_role INSERT
106,owner,94,add_class_groups,owner,CONFIRMED: permission_role INSERT
1,sadmin,95,delete_class_groups,sadmin,CONFIRMED: permission_role INSERT
106,owner,95,delete_class_groups,owner,CONFIRMED: permission_role INSERT
1,sadmin,96,browse_announcements,sadmin,CONFIRMED: permission_role INSERT
103,Teacher,96,browse_announcements,teacher,CONFIRMED: permission_role INSERT
104,Employee,96,browse_announcements,employee,CONFIRMED: permission_role INSERT
106,owner,96,browse_announcements,owner,CONFIRMED: permission_role INSERT
1,sadmin,97,read_announcements,sadmin,CONFIRMED: permission_role INSERT
101,Agent,97,read_announcements,agent,CONFIRMED: permission_role INSERT
102,Candidate,97,read_announcements,candidate,CONFIRMED: permission_role INSERT
103,Teacher,97,read_announcements,teacher,CONFIRMED: permission_role INSERT
104,Employee,97,read_announcements,employee,CONFIRMED: permission_role INSERT
106,owner,97,read_announcements,owner,CONFIRMED: permission_role INSERT
109,Sub Agent,97,read_announcements,sub.agent,CONFIRMED: permission_role INSERT
1,sadmin,98,edit_announcements,sadmin,CONFIRMED: permission_role INSERT
103,Teacher,98,edit_announcements,teacher,CONFIRMED: permission_role INSERT
104,Employee,98,edit_announcements,employee,CONFIRMED: permission_role INSERT
106,owner,98,edit_announcements,owner,CONFIRMED: permission_role INSERT
1,sadmin,99,add_announcements,sadmin,CONFIRMED: permission_role INSERT
103,Teacher,99,add_announcements,teacher,CONFIRMED: permission_role INSERT
104,Employee,99,add_announcements,employee,CONFIRMED: permission_role INSERT
106,owner,99,add_announcements,owner,CONFIRMED: permission_role INSERT
1,sadmin,100,delete_announcements,sadmin,CONFIRMED: permission_role INSERT
104,Employee,100,delete_announcements,employee,CONFIRMED: permission_role INSERT
106,owner,100,delete_announcements,owner,CONFIRMED: permission_role INSERT
1,sadmin,101,browse_class_schedules,sadmin,CONFIRMED: permission_role INSERT
106,owner,101,browse_class_schedules,owner,CONFIRMED: permission_role INSERT
1,sadmin,102,read_class_schedules,sadmin,CONFIRMED: permission_role INSERT
1,sadmin,103,edit_class_schedules,sadmin,CONFIRMED: permission_role INSERT
106,owner,103,edit_class_schedules,owner,CONFIRMED: permission_role INSERT
1,sadmin,104,add_class_schedules,sadmin,CONFIRMED: permission_role INSERT
106,owner,104,add_class_schedules,owner,CONFIRMED: permission_role INSERT
1,sadmin,105,delete_class_schedules,sadmin,CONFIRMED: permission_role INSERT
1,sadmin,106,browse_payments,sadmin,CONFIRMED: permission_role INSERT
101,Agent,106,browse_payments,agent,CONFIRMED: permission_role INSERT
106,owner,106,browse_payments,owner,CONFIRMED: permission_role INSERT
109,Sub Agent,106,browse_payments,sub.agent,CONFIRMED: permission_role INSERT
1,sadmin,107,read_payments,sadmin,CONFIRMED: permission_role INSERT
1,sadmin,108,edit_payments,sadmin,CONFIRMED: permission_role INSERT
1,sadmin,109,add_payments,sadmin,CONFIRMED: permission_role INSERT
106,owner,109,add_payments,owner,CONFIRMED: permission_role INSERT
1,sadmin,110,delete_payments,sadmin,CONFIRMED: permission_role INSERT
1,sadmin,111,browse_reports,sadmin,CONFIRMED: permission_role INSERT
106,owner,111,browse_reports,owner,CONFIRMED: permission_role INSERT
1,sadmin,112,read_reports,sadmin,CONFIRMED: permission_role INSERT
106,owner,112,read_reports,owner,CONFIRMED: permission_role INSERT
1,sadmin,113,edit_reports,sadmin,CONFIRMED: permission_role INSERT
1,sadmin,114,add_reports,sadmin,CONFIRMED: permission_role INSERT
1,sadmin,115,delete_reports,sadmin,CONFIRMED: permission_role INSERT
1,sadmin,117,browse_euro_to_bdt_rates,sadmin,CONFIRMED: permission_role INSERT
106,owner,117,browse_euro_to_bdt_rates,owner,CONFIRMED: permission_role INSERT
1,sadmin,118,read_euro_to_bdt_rates,sadmin,CONFIRMED: permission_role INSERT
1,sadmin,119,edit_euro_to_bdt_rates,sadmin,CONFIRMED: permission_role INSERT
106,owner,119,edit_euro_to_bdt_rates,owner,CONFIRMED: permission_role INSERT
1,sadmin,120,add_euro_to_bdt_rates,sadmin,CONFIRMED: permission_role INSERT
106,owner,120,add_euro_to_bdt_rates,owner,CONFIRMED: permission_role INSERT
1,sadmin,121,delete_euro_to_bdt_rates,sadmin,CONFIRMED: permission_role INSERT
1,sadmin,122,browse_currencies,sadmin,CONFIRMED: permission_role INSERT
1,sadmin,123,read_currencies,sadmin,CONFIRMED: permission_role INSERT
1,sadmin,124,edit_currencies,sadmin,CONFIRMED: permission_role INSERT
1,sadmin,125,add_currencies,sadmin,CONFIRMED: permission_role INSERT
1,sadmin,126,delete_currencies,sadmin,CONFIRMED: permission_role INSERT
1,sadmin,127,browse_agencies,sadmin,CONFIRMED: permission_role INSERT
104,Employee,127,browse_agencies,employee,CONFIRMED: permission_role INSERT
106,owner,127,browse_agencies,owner,CONFIRMED: permission_role INSERT
1,sadmin,128,read_agencies,sadmin,CONFIRMED: permission_role INSERT
104,Employee,128,read_agencies,employee,CONFIRMED: permission_role INSERT
1,sadmin,129,edit_agencies,sadmin,CONFIRMED: permission_role INSERT
104,Employee,129,edit_agencies,employee,CONFIRMED: permission_role INSERT
106,owner,129,edit_agencies,owner,CONFIRMED: permission_role INSERT
1,sadmin,130,add_agencies,sadmin,CONFIRMED: permission_role INSERT
104,Employee,130,add_agencies,employee,CONFIRMED: permission_role INSERT
106,owner,130,add_agencies,owner,CONFIRMED: permission_role INSERT
1,sadmin,131,delete_agencies,sadmin,CONFIRMED: permission_role INSERT
1,sadmin,132,browse_companies,sadmin,CONFIRMED: permission_role INSERT
104,Employee,132,browse_companies,employee,CONFIRMED: permission_role INSERT
106,owner,132,browse_companies,owner,CONFIRMED: permission_role INSERT
1,sadmin,133,read_companies,sadmin,CONFIRMED: permission_role INSERT
104,Employee,133,read_companies,employee,CONFIRMED: permission_role INSERT
1,sadmin,134,edit_companies,sadmin,CONFIRMED: permission_role INSERT
104,Employee,134,edit_companies,employee,CONFIRMED: permission_role INSERT
106,owner,134,edit_companies,owner,CONFIRMED: permission_role INSERT
1,sadmin,135,add_companies,sadmin,CONFIRMED: permission_role INSERT
104,Employee,135,add_companies,employee,CONFIRMED: permission_role INSERT
106,owner,135,add_companies,owner,CONFIRMED: permission_role INSERT
1,sadmin,136,delete_companies,sadmin,CONFIRMED: permission_role INSERT
1,sadmin,137,browse_police_clearance,sadmin,CONFIRMED: permission_role INSERT
101,Agent,137,browse_police_clearance,agent,CONFIRMED: permission_role INSERT
104,Employee,137,browse_police_clearance,employee,CONFIRMED: permission_role INSERT
106,owner,137,browse_police_clearance,owner,CONFIRMED: permission_role INSERT
108,Agency,137,browse_police_clearance,agency,CONFIRMED: permission_role INSERT
109,Sub Agent,137,browse_police_clearance,sub.agent,CONFIRMED: permission_role INSERT
110,others,137,browse_police_clearance,others,CONFIRMED: permission_role INSERT
1,sadmin,138,read_police_clearance,sadmin,CONFIRMED: permission_role INSERT
104,Employee,138,read_police_clearance,employee,CONFIRMED: permission_role INSERT
110,others,138,read_police_clearance,others,CONFIRMED: permission_role INSERT
1,sadmin,139,edit_police_clearance,sadmin,CONFIRMED: permission_role INSERT
101,Agent,139,edit_police_clearance,agent,CONFIRMED: permission_role INSERT
104,Employee,139,edit_police_clearance,employee,CONFIRMED: permission_role INSERT
106,owner,139,edit_police_clearance,owner,CONFIRMED: permission_role INSERT
108,Agency,139,edit_police_clearance,agency,CONFIRMED: permission_role INSERT
109,Sub Agent,139,edit_police_clearance,sub.agent,CONFIRMED: permission_role INSERT
110,others,139,edit_police_clearance,others,CONFIRMED: permission_role INSERT
1,sadmin,140,add_police_clearance,sadmin,CONFIRMED: permission_role INSERT
101,Agent,140,add_police_clearance,agent,CONFIRMED: permission_role INSERT
104,Employee,140,add_police_clearance,employee,CONFIRMED: permission_role INSERT
106,owner,140,add_police_clearance,owner,CONFIRMED: permission_role INSERT
108,Agency,140,add_police_clearance,agency,CONFIRMED: permission_role INSERT
109,Sub Agent,140,add_police_clearance,sub.agent,CONFIRMED: permission_role INSERT
110,others,140,add_police_clearance,others,CONFIRMED: permission_role INSERT
1,sadmin,141,delete_police_clearance,sadmin,CONFIRMED: permission_role INSERT
106,owner,141,delete_police_clearance,owner,CONFIRMED: permission_role INSERT
110,others,141,delete_police_clearance,others,CONFIRMED: permission_role INSERT
1,sadmin,142,browse_manpower_training,sadmin,CONFIRMED: permission_role INSERT
101,Agent,142,browse_manpower_training,agent,CONFIRMED: permission_role INSERT
104,Employee,142,browse_manpower_training,employee,CONFIRMED: permission_role INSERT
106,owner,142,browse_manpower_training,owner,CONFIRMED: permission_role INSERT
108,Agency,142,browse_manpower_training,agency,CONFIRMED: permission_role INSERT
109,Sub Agent,142,browse_manpower_training,sub.agent,CONFIRMED: permission_role INSERT
110,others,142,browse_manpower_training,others,CONFIRMED: permission_role INSERT
1,sadmin,143,read_manpower_training,sadmin,CONFIRMED: permission_role INSERT
104,Employee,143,read_manpower_training,employee,CONFIRMED: permission_role INSERT
110,others,143,read_manpower_training,others,CONFIRMED: permission_role INSERT
1,sadmin,144,edit_manpower_training,sadmin,CONFIRMED: permission_role INSERT
101,Agent,144,edit_manpower_training,agent,CONFIRMED: permission_role INSERT
104,Employee,144,edit_manpower_training,employee,CONFIRMED: permission_role INSERT
106,owner,144,edit_manpower_training,owner,CONFIRMED: permission_role INSERT
108,Agency,144,edit_manpower_training,agency,CONFIRMED: permission_role INSERT
109,Sub Agent,144,edit_manpower_training,sub.agent,CONFIRMED: permission_role INSERT
110,others,144,edit_manpower_training,others,CONFIRMED: permission_role INSERT
1,sadmin,145,add_manpower_training,sadmin,CONFIRMED: permission_role INSERT
101,Agent,145,add_manpower_training,agent,CONFIRMED: permission_role INSERT
104,Employee,145,add_manpower_training,employee,CONFIRMED: permission_role INSERT
106,owner,145,add_manpower_training,owner,CONFIRMED: permission_role INSERT
108,Agency,145,add_manpower_training,agency,CONFIRMED: permission_role INSERT
109,Sub Agent,145,add_manpower_training,sub.agent,CONFIRMED: permission_role INSERT
110,others,145,add_manpower_training,others,CONFIRMED: permission_role INSERT
1,sadmin,146,delete_manpower_training,sadmin,CONFIRMED: permission_role INSERT
106,owner,146,delete_manpower_training,owner,CONFIRMED: permission_role INSERT
110,others,146,delete_manpower_training,others,CONFIRMED: permission_role INSERT
1,sadmin,147,browse_manpower_trainings,sadmin,CONFIRMED: permission_role INSERT
101,Agent,147,browse_manpower_trainings,agent,CONFIRMED: permission_role INSERT
104,Employee,147,browse_manpower_trainings,employee,CONFIRMED: permission_role INSERT
106,owner,147,browse_manpower_trainings,owner,CONFIRMED: permission_role INSERT
108,Agency,147,browse_manpower_trainings,agency,CONFIRMED: permission_role INSERT
109,Sub Agent,147,browse_manpower_trainings,sub.agent,CONFIRMED: permission_role INSERT
110,others,147,browse_manpower_trainings,others,CONFIRMED: permission_role INSERT
1,sadmin,148,read_manpower_trainings,sadmin,CONFIRMED: permission_role INSERT
104,Employee,148,read_manpower_trainings,employee,CONFIRMED: permission_role INSERT
106,owner,148,read_manpower_trainings,owner,CONFIRMED: permission_role INSERT
110,others,148,read_manpower_trainings,others,CONFIRMED: permission_role INSERT
1,sadmin,149,edit_manpower_trainings,sadmin,CONFIRMED: permission_role INSERT
101,Agent,149,edit_manpower_trainings,agent,CONFIRMED: permission_role INSERT
104,Employee,149,edit_manpower_trainings,employee,CONFIRMED: permission_role INSERT
106,owner,149,edit_manpower_trainings,owner,CONFIRMED: permission_role INSERT
108,Agency,149,edit_manpower_trainings,agency,CONFIRMED: permission_role INSERT
109,Sub Agent,149,edit_manpower_trainings,sub.agent,CONFIRMED: permission_role INSERT
110,others,149,edit_manpower_trainings,others,CONFIRMED: permission_role INSERT
1,sadmin,150,add_manpower_trainings,sadmin,CONFIRMED: permission_role INSERT
101,Agent,150,add_manpower_trainings,agent,CONFIRMED: permission_role INSERT
104,Employee,150,add_manpower_trainings,employee,CONFIRMED: permission_role INSERT
106,owner,150,add_manpower_trainings,owner,CONFIRMED: permission_role INSERT
108,Agency,150,add_manpower_trainings,agency,CONFIRMED: permission_role INSERT
109,Sub Agent,150,add_manpower_trainings,sub.agent,CONFIRMED: permission_role INSERT
110,others,150,add_manpower_trainings,others,CONFIRMED: permission_role INSERT
1,sadmin,151,delete_manpower_trainings,sadmin,CONFIRMED: permission_role INSERT
106,owner,151,delete_manpower_trainings,owner,CONFIRMED: permission_role INSERT
110,others,151,delete_manpower_trainings,others,CONFIRMED: permission_role INSERT
1,sadmin,152,browse_medicals,sadmin,CONFIRMED: permission_role INSERT
101,Agent,152,browse_medicals,agent,CONFIRMED: permission_role INSERT
104,Employee,152,browse_medicals,employee,CONFIRMED: permission_role INSERT
106,owner,152,browse_medicals,owner,CONFIRMED: permission_role INSERT
108,Agency,152,browse_medicals,agency,CONFIRMED: permission_role INSERT
109,Sub Agent,152,browse_medicals,sub.agent,CONFIRMED: permission_role INSERT
110,others,152,browse_medicals,others,CONFIRMED: permission_role INSERT
1,sadmin,153,read_medicals,sadmin,CONFIRMED: permission_role INSERT
104,Employee,153,read_medicals,employee,CONFIRMED: permission_role INSERT
110,others,153,read_medicals,others,CONFIRMED: permission_role INSERT
1,sadmin,154,edit_medicals,sadmin,CONFIRMED: permission_role INSERT
101,Agent,154,edit_medicals,agent,CONFIRMED: permission_role INSERT
104,Employee,154,edit_medicals,employee,CONFIRMED: permission_role INSERT
106,owner,154,edit_medicals,owner,CONFIRMED: permission_role INSERT
108,Agency,154,edit_medicals,agency,CONFIRMED: permission_role INSERT
109,Sub Agent,154,edit_medicals,sub.agent,CONFIRMED: permission_role INSERT
110,others,154,edit_medicals,others,CONFIRMED: permission_role INSERT
1,sadmin,155,add_medicals,sadmin,CONFIRMED: permission_role INSERT
101,Agent,155,add_medicals,agent,CONFIRMED: permission_role INSERT
104,Employee,155,add_medicals,employee,CONFIRMED: permission_role INSERT
106,owner,155,add_medicals,owner,CONFIRMED: permission_role INSERT
108,Agency,155,add_medicals,agency,CONFIRMED: permission_role INSERT
109,Sub Agent,155,add_medicals,sub.agent,CONFIRMED: permission_role INSERT
110,others,155,add_medicals,others,CONFIRMED: permission_role INSERT
1,sadmin,156,delete_medicals,sadmin,CONFIRMED: permission_role INSERT
106,owner,156,delete_medicals,owner,CONFIRMED: permission_role INSERT
110,others,156,delete_medicals,others,CONFIRMED: permission_role INSERT
1,sadmin,157,browse_labour_contracts,sadmin,CONFIRMED: permission_role INSERT
104,Employee,157,browse_labour_contracts,employee,CONFIRMED: permission_role INSERT
106,owner,157,browse_labour_contracts,owner,CONFIRMED: permission_role INSERT
108,Agency,157,browse_labour_contracts,agency,CONFIRMED: permission_role INSERT
110,others,157,browse_labour_contracts,others,CONFIRMED: permission_role INSERT
1,sadmin,158,read_labour_contracts,sadmin,CONFIRMED: permission_role INSERT
104,Employee,158,read_labour_contracts,employee,CONFIRMED: permission_role INSERT
110,others,158,read_labour_contracts,others,CONFIRMED: permission_role INSERT
1,sadmin,159,edit_labour_contracts,sadmin,CONFIRMED: permission_role INSERT
104,Employee,159,edit_labour_contracts,employee,CONFIRMED: permission_role INSERT
106,owner,159,edit_labour_contracts,owner,CONFIRMED: permission_role INSERT
108,Agency,159,edit_labour_contracts,agency,CONFIRMED: permission_role INSERT
110,others,159,edit_labour_contracts,others,CONFIRMED: permission_role INSERT
1,sadmin,160,add_labour_contracts,sadmin,CONFIRMED: permission_role INSERT
104,Employee,160,add_labour_contracts,employee,CONFIRMED: permission_role INSERT
106,owner,160,add_labour_contracts,owner,CONFIRMED: permission_role INSERT
108,Agency,160,add_labour_contracts,agency,CONFIRMED: permission_role INSERT
110,others,160,add_labour_contracts,others,CONFIRMED: permission_role INSERT
1,sadmin,161,delete_labour_contracts,sadmin,CONFIRMED: permission_role INSERT
106,owner,161,delete_labour_contracts,owner,CONFIRMED: permission_role INSERT
110,others,161,delete_labour_contracts,others,CONFIRMED: permission_role INSERT
1,sadmin,162,browse_visa_immigrations,sadmin,CONFIRMED: permission_role INSERT
101,Agent,162,browse_visa_immigrations,agent,CONFIRMED: permission_role INSERT
104,Employee,162,browse_visa_immigrations,employee,CONFIRMED: permission_role INSERT
106,owner,162,browse_visa_immigrations,owner,CONFIRMED: permission_role INSERT
108,Agency,162,browse_visa_immigrations,agency,CONFIRMED: permission_role INSERT
109,Sub Agent,162,browse_visa_immigrations,sub.agent,CONFIRMED: permission_role INSERT
110,others,162,browse_visa_immigrations,others,CONFIRMED: permission_role INSERT
1,sadmin,163,read_visa_immigrations,sadmin,CONFIRMED: permission_role INSERT
104,Employee,163,read_visa_immigrations,employee,CONFIRMED: permission_role INSERT
110,others,163,read_visa_immigrations,others,CONFIRMED: permission_role INSERT
1,sadmin,164,edit_visa_immigrations,sadmin,CONFIRMED: permission_role INSERT
101,Agent,164,edit_visa_immigrations,agent,CONFIRMED: permission_role INSERT
104,Employee,164,edit_visa_immigrations,employee,CONFIRMED: permission_role INSERT
106,owner,164,edit_visa_immigrations,owner,CONFIRMED: permission_role INSERT
108,Agency,164,edit_visa_immigrations,agency,CONFIRMED: permission_role INSERT
109,Sub Agent,164,edit_visa_immigrations,sub.agent,CONFIRMED: permission_role INSERT
110,others,164,edit_visa_immigrations,others,CONFIRMED: permission_role INSERT
1,sadmin,165,add_visa_immigrations,sadmin,CONFIRMED: permission_role INSERT
101,Agent,165,add_visa_immigrations,agent,CONFIRMED: permission_role INSERT
104,Employee,165,add_visa_immigrations,employee,CONFIRMED: permission_role INSERT
106,owner,165,add_visa_immigrations,owner,CONFIRMED: permission_role INSERT
108,Agency,165,add_visa_immigrations,agency,CONFIRMED: permission_role INSERT
109,Sub Agent,165,add_visa_immigrations,sub.agent,CONFIRMED: permission_role INSERT
110,others,165,add_visa_immigrations,others,CONFIRMED: permission_role INSERT
1,sadmin,166,delete_visa_immigrations,sadmin,CONFIRMED: permission_role INSERT
106,owner,166,delete_visa_immigrations,owner,CONFIRMED: permission_role INSERT
110,others,166,delete_visa_immigrations,others,CONFIRMED: permission_role INSERT
1,sadmin,167,browse_flight_schedules,sadmin,CONFIRMED: permission_role INSERT
101,Agent,167,browse_flight_schedules,agent,CONFIRMED: permission_role INSERT
104,Employee,167,browse_flight_schedules,employee,CONFIRMED: permission_role INSERT
106,owner,167,browse_flight_schedules,owner,CONFIRMED: permission_role INSERT
108,Agency,167,browse_flight_schedules,agency,CONFIRMED: permission_role INSERT
109,Sub Agent,167,browse_flight_schedules,sub.agent,CONFIRMED: permission_role INSERT
110,others,167,browse_flight_schedules,others,CONFIRMED: permission_role INSERT
1,sadmin,168,read_flight_schedules,sadmin,CONFIRMED: permission_role INSERT
104,Employee,168,read_flight_schedules,employee,CONFIRMED: permission_role INSERT
110,others,168,read_flight_schedules,others,CONFIRMED: permission_role INSERT
1,sadmin,169,edit_flight_schedules,sadmin,CONFIRMED: permission_role INSERT
101,Agent,169,edit_flight_schedules,agent,CONFIRMED: permission_role INSERT
104,Employee,169,edit_flight_schedules,employee,CONFIRMED: permission_role INSERT
106,owner,169,edit_flight_schedules,owner,CONFIRMED: permission_role INSERT
108,Agency,169,edit_flight_schedules,agency,CONFIRMED: permission_role INSERT
109,Sub Agent,169,edit_flight_schedules,sub.agent,CONFIRMED: permission_role INSERT
110,others,169,edit_flight_schedules,others,CONFIRMED: permission_role INSERT
1,sadmin,170,add_flight_schedules,sadmin,CONFIRMED: permission_role INSERT
101,Agent,170,add_flight_schedules,agent,CONFIRMED: permission_role INSERT
104,Employee,170,add_flight_schedules,employee,CONFIRMED: permission_role INSERT
106,owner,170,add_flight_schedules,owner,CONFIRMED: permission_role INSERT
108,Agency,170,add_flight_schedules,agency,CONFIRMED: permission_role INSERT
109,Sub Agent,170,add_flight_schedules,sub.agent,CONFIRMED: permission_role INSERT
110,others,170,add_flight_schedules,others,CONFIRMED: permission_role INSERT
1,sadmin,171,delete_flight_schedules,sadmin,CONFIRMED: permission_role INSERT
106,owner,171,delete_flight_schedules,owner,CONFIRMED: permission_role INSERT
110,others,171,delete_flight_schedules,others,CONFIRMED: permission_role INSERT
1,sadmin,172,browse_arcs,sadmin,CONFIRMED: permission_role INSERT
101,Agent,172,browse_arcs,agent,CONFIRMED: permission_role INSERT
104,Employee,172,browse_arcs,employee,CONFIRMED: permission_role INSERT
106,owner,172,browse_arcs,owner,CONFIRMED: permission_role INSERT
108,Agency,172,browse_arcs,agency,CONFIRMED: permission_role INSERT
109,Sub Agent,172,browse_arcs,sub.agent,CONFIRMED: permission_role INSERT
110,others,172,browse_arcs,others,CONFIRMED: permission_role INSERT
1,sadmin,173,read_arcs,sadmin,CONFIRMED: permission_role INSERT
104,Employee,173,read_arcs,employee,CONFIRMED: permission_role INSERT
110,others,173,read_arcs,others,CONFIRMED: permission_role INSERT
1,sadmin,174,edit_arcs,sadmin,CONFIRMED: permission_role INSERT
101,Agent,174,edit_arcs,agent,CONFIRMED: permission_role INSERT
104,Employee,174,edit_arcs,employee,CONFIRMED: permission_role INSERT
106,owner,174,edit_arcs,owner,CONFIRMED: permission_role INSERT
108,Agency,174,edit_arcs,agency,CONFIRMED: permission_role INSERT
109,Sub Agent,174,edit_arcs,sub.agent,CONFIRMED: permission_role INSERT
110,others,174,edit_arcs,others,CONFIRMED: permission_role INSERT
1,sadmin,175,add_arcs,sadmin,CONFIRMED: permission_role INSERT
101,Agent,175,add_arcs,agent,CONFIRMED: permission_role INSERT
104,Employee,175,add_arcs,employee,CONFIRMED: permission_role INSERT
106,owner,175,add_arcs,owner,CONFIRMED: permission_role INSERT
108,Agency,175,add_arcs,agency,CONFIRMED: permission_role INSERT
109,Sub Agent,175,add_arcs,sub.agent,CONFIRMED: permission_role INSERT
110,others,175,add_arcs,others,CONFIRMED: permission_role INSERT
1,sadmin,176,delete_arcs,sadmin,CONFIRMED: permission_role INSERT
104,Employee,176,delete_arcs,employee,CONFIRMED: permission_role INSERT
106,owner,176,delete_arcs,owner,CONFIRMED: permission_role INSERT
110,others,176,delete_arcs,others,CONFIRMED: permission_role INSERT
1,sadmin,177,browse_police_clearances,sadmin,CONFIRMED: permission_role INSERT
101,Agent,177,browse_police_clearances,agent,CONFIRMED: permission_role INSERT
104,Employee,177,browse_police_clearances,employee,CONFIRMED: permission_role INSERT
106,owner,177,browse_police_clearances,owner,CONFIRMED: permission_role INSERT
108,Agency,177,browse_police_clearances,agency,CONFIRMED: permission_role INSERT
109,Sub Agent,177,browse_police_clearances,sub.agent,CONFIRMED: permission_role INSERT
110,others,177,browse_police_clearances,others,CONFIRMED: permission_role INSERT
1,sadmin,178,read_police_clearances,sadmin,CONFIRMED: permission_role INSERT
104,Employee,178,read_police_clearances,employee,CONFIRMED: permission_role INSERT
110,others,178,read_police_clearances,others,CONFIRMED: permission_role INSERT
1,sadmin,179,edit_police_clearances,sadmin,CONFIRMED: permission_role INSERT
101,Agent,179,edit_police_clearances,agent,CONFIRMED: permission_role INSERT
104,Employee,179,edit_police_clearances,employee,CONFIRMED: permission_role INSERT
106,owner,179,edit_police_clearances,owner,CONFIRMED: permission_role INSERT
108,Agency,179,edit_police_clearances,agency,CONFIRMED: permission_role INSERT
109,Sub Agent,179,edit_police_clearances,sub.agent,CONFIRMED: permission_role INSERT
110,others,179,edit_police_clearances,others,CONFIRMED: permission_role INSERT
1,sadmin,180,add_police_clearances,sadmin,CONFIRMED: permission_role INSERT
101,Agent,180,add_police_clearances,agent,CONFIRMED: permission_role INSERT
104,Employee,180,add_police_clearances,employee,CONFIRMED: permission_role INSERT
106,owner,180,add_police_clearances,owner,CONFIRMED: permission_role INSERT
108,Agency,180,add_police_clearances,agency,CONFIRMED: permission_role INSERT
109,Sub Agent,180,add_police_clearances,sub.agent,CONFIRMED: permission_role INSERT
110,others,180,add_police_clearances,others,CONFIRMED: permission_role INSERT
1,sadmin,181,delete_police_clearances,sadmin,CONFIRMED: permission_role INSERT
104,Employee,181,delete_police_clearances,employee,CONFIRMED: permission_role INSERT
106,owner,181,delete_police_clearances,owner,CONFIRMED: permission_role INSERT
110,others,181,delete_police_clearances,others,CONFIRMED: permission_role INSERT
1,sadmin,182,browse_notifications,sadmin,CONFIRMED: permission_role INSERT
103,Teacher,182,browse_notifications,teacher,CONFIRMED: permission_role INSERT
104,Employee,182,browse_notifications,employee,CONFIRMED: permission_role INSERT
106,owner,182,browse_notifications,owner,CONFIRMED: permission_role INSERT
1,sadmin,183,read_notifications,sadmin,CONFIRMED: permission_role INSERT
102,Candidate,183,read_notifications,candidate,CONFIRMED: permission_role INSERT
103,Teacher,183,read_notifications,teacher,CONFIRMED: permission_role INSERT
104,Employee,183,read_notifications,employee,CONFIRMED: permission_role INSERT
106,owner,183,read_notifications,owner,CONFIRMED: permission_role INSERT
1,sadmin,184,edit_notifications,sadmin,CONFIRMED: permission_role INSERT
103,Teacher,184,edit_notifications,teacher,CONFIRMED: permission_role INSERT
104,Employee,184,edit_notifications,employee,CONFIRMED: permission_role INSERT
106,owner,184,edit_notifications,owner,CONFIRMED: permission_role INSERT
1,sadmin,185,add_notifications,sadmin,CONFIRMED: permission_role INSERT
103,Teacher,185,add_notifications,teacher,CONFIRMED: permission_role INSERT
104,Employee,185,add_notifications,employee,CONFIRMED: permission_role INSERT
106,owner,185,add_notifications,owner,CONFIRMED: permission_role INSERT
1,sadmin,186,delete_notifications,sadmin,CONFIRMED: permission_role INSERT
104,Employee,186,delete_notifications,employee,CONFIRMED: permission_role INSERT
106,owner,186,delete_notifications,owner,CONFIRMED: permission_role INSERT
1,sadmin,187,browse_exams,sadmin,CONFIRMED: permission_role INSERT
103,Teacher,187,browse_exams,teacher,CONFIRMED: permission_role INSERT
106,owner,187,browse_exams,owner,CONFIRMED: permission_role INSERT
1,sadmin,188,read_exams,sadmin,CONFIRMED: permission_role INSERT
103,Teacher,188,read_exams,teacher,CONFIRMED: permission_role INSERT
106,owner,188,read_exams,owner,CONFIRMED: permission_role INSERT
1,sadmin,189,edit_exams,sadmin,CONFIRMED: permission_role INSERT
103,Teacher,189,edit_exams,teacher,CONFIRMED: permission_role INSERT
106,owner,189,edit_exams,owner,CONFIRMED: permission_role INSERT
1,sadmin,190,add_exams,sadmin,CONFIRMED: permission_role INSERT
103,Teacher,190,add_exams,teacher,CONFIRMED: permission_role INSERT
106,owner,190,add_exams,owner,CONFIRMED: permission_role INSERT
1,sadmin,191,delete_exams,sadmin,CONFIRMED: permission_role INSERT
1,sadmin,192,browse_exam_results,sadmin,CONFIRMED: permission_role INSERT
103,Teacher,192,browse_exam_results,teacher,CONFIRMED: permission_role INSERT
106,owner,192,browse_exam_results,owner,CONFIRMED: permission_role INSERT
1,sadmin,193,read_exam_results,sadmin,CONFIRMED: permission_role INSERT
103,Teacher,193,read_exam_results,teacher,CONFIRMED: permission_role INSERT
1,sadmin,194,edit_exam_results,sadmin,CONFIRMED: permission_role INSERT
103,Teacher,194,edit_exam_results,teacher,CONFIRMED: permission_role INSERT
1,sadmin,195,add_exam_results,sadmin,CONFIRMED: permission_role INSERT
103,Teacher,195,add_exam_results,teacher,CONFIRMED: permission_role INSERT
1,sadmin,196,delete_exam_results,sadmin,CONFIRMED: permission_role INSERT
1,sadmin,197,browse_payment_requests,sadmin,CONFIRMED: permission_role INSERT
106,owner,197,browse_payment_requests,owner,CONFIRMED: permission_role INSERT
1,sadmin,198,read_payment_requests,sadmin,CONFIRMED: permission_role INSERT
1,sadmin,199,edit_payment_requests,sadmin,CONFIRMED: permission_role INSERT
1,sadmin,200,add_payment_requests,sadmin,CONFIRMED: permission_role INSERT
106,owner,200,add_payment_requests,owner,CONFIRMED: permission_role INSERT
1,sadmin,201,delete_payment_requests,sadmin,CONFIRMED: permission_role INSERT
1,sadmin,202,browse_employees,sadmin,CONFIRMED: permission_role INSERT
106,owner,202,browse_employees,owner,CONFIRMED: permission_role INSERT
1,sadmin,203,read_employees,sadmin,CONFIRMED: permission_role INSERT
1,sadmin,204,edit_employees,sadmin,CONFIRMED: permission_role INSERT
106,owner,204,edit_employees,owner,CONFIRMED: permission_role INSERT
1,sadmin,205,add_employees,sadmin,CONFIRMED: permission_role INSERT
106,owner,205,add_employees,owner,CONFIRMED: permission_role INSERT
1,sadmin,206,delete_employees,sadmin,CONFIRMED: permission_role INSERT
1,sadmin,207,browse_employers,sadmin,CONFIRMED: permission_role INSERT
106,owner,207,browse_employers,owner,CONFIRMED: permission_role INSERT
1,sadmin,208,read_employers,sadmin,CONFIRMED: permission_role INSERT
1,sadmin,209,edit_employers,sadmin,CONFIRMED: permission_role INSERT
106,owner,209,edit_employers,owner,CONFIRMED: permission_role INSERT
1,sadmin,210,add_employers,sadmin,CONFIRMED: permission_role INSERT
106,owner,210,add_employers,owner,CONFIRMED: permission_role INSERT
1,sadmin,211,delete_employers,sadmin,CONFIRMED: permission_role INSERT
1,sadmin,212,browse_agenciers,sadmin,CONFIRMED: permission_role INSERT
106,owner,212,browse_agenciers,owner,CONFIRMED: permission_role INSERT
1,sadmin,213,read_agenciers,sadmin,CONFIRMED: permission_role INSERT
1,sadmin,214,edit_agenciers,sadmin,CONFIRMED: permission_role INSERT
106,owner,214,edit_agenciers,owner,CONFIRMED: permission_role INSERT
1,sadmin,215,add_agenciers,sadmin,CONFIRMED: permission_role INSERT
106,owner,215,add_agenciers,owner,CONFIRMED: permission_role INSERT
1,sadmin,216,delete_agenciers,sadmin,CONFIRMED: permission_role INSERT
106,owner,216,delete_agenciers,owner,CONFIRMED: permission_role INSERT
1,sadmin,217,browse_candidate_documents,sadmin,CONFIRMED: permission_role INSERT
104,Employee,217,browse_candidate_documents,employee,CONFIRMED: permission_role INSERT
106,owner,217,browse_candidate_documents,owner,CONFIRMED: permission_role INSERT
108,Agency,217,browse_candidate_documents,agency,CONFIRMED: permission_role INSERT
110,others,217,browse_candidate_documents,others,CONFIRMED: permission_role INSERT
1,sadmin,218,read_candidate_documents,sadmin,CONFIRMED: permission_role INSERT
104,Employee,218,read_candidate_documents,employee,CONFIRMED: permission_role INSERT
110,others,218,read_candidate_documents,others,CONFIRMED: permission_role INSERT
1,sadmin,219,edit_candidate_documents,sadmin,CONFIRMED: permission_role INSERT
104,Employee,219,edit_candidate_documents,employee,CONFIRMED: permission_role INSERT
106,owner,219,edit_candidate_documents,owner,CONFIRMED: permission_role INSERT
108,Agency,219,edit_candidate_documents,agency,CONFIRMED: permission_role INSERT
110,others,219,edit_candidate_documents,others,CONFIRMED: permission_role INSERT
1,sadmin,220,add_candidate_documents,sadmin,CONFIRMED: permission_role INSERT
104,Employee,220,add_candidate_documents,employee,CONFIRMED: permission_role INSERT
106,owner,220,add_candidate_documents,owner,CONFIRMED: permission_role INSERT
108,Agency,220,add_candidate_documents,agency,CONFIRMED: permission_role INSERT
110,others,220,add_candidate_documents,others,CONFIRMED: permission_role INSERT
1,sadmin,221,delete_candidate_documents,sadmin,CONFIRMED: permission_role INSERT
104,Employee,221,delete_candidate_documents,employee,CONFIRMED: permission_role INSERT
106,owner,221,delete_candidate_documents,owner,CONFIRMED: permission_role INSERT
1,sadmin,222,browse_companiers,sadmin,CONFIRMED: permission_role INSERT
106,owner,222,browse_companiers,owner,CONFIRMED: permission_role INSERT
1,sadmin,223,read_companiers,sadmin,CONFIRMED: permission_role INSERT
1,sadmin,224,edit_companiers,sadmin,CONFIRMED: permission_role INSERT
106,owner,224,edit_companiers,owner,CONFIRMED: permission_role INSERT
1,sadmin,225,add_companiers,sadmin,CONFIRMED: permission_role INSERT
106,owner,225,add_companiers,owner,CONFIRMED: permission_role INSERT
1,sadmin,226,delete_companiers,sadmin,CONFIRMED: permission_role INSERT
106,owner,226,delete_companiers,owner,CONFIRMED: permission_role INSERT
1,sadmin,227,browse_invoices,sadmin,CONFIRMED: permission_role INSERT
106,owner,227,browse_invoices,owner,CONFIRMED: permission_role INSERT
108,Agency,227,browse_invoices,agency,CONFIRMED: permission_role INSERT
1,sadmin,228,read_invoices,sadmin,CONFIRMED: permission_role INSERT
108,Agency,228,read_invoices,agency,CONFIRMED: permission_role INSERT
1,sadmin,229,edit_invoices,sadmin,CONFIRMED: permission_role INSERT
106,owner,229,edit_invoices,owner,CONFIRMED: permission_role INSERT
108,Agency,229,edit_invoices,agency,CONFIRMED: permission_role INSERT
1,sadmin,230,add_invoices,sadmin,CONFIRMED: permission_role INSERT
106,owner,230,add_invoices,owner,CONFIRMED: permission_role INSERT
108,Agency,230,add_invoices,agency,CONFIRMED: permission_role INSERT
1,sadmin,231,delete_invoices,sadmin,CONFIRMED: permission_role INSERT
1,sadmin,232,browse_invoice_money_receipts,sadmin,CONFIRMED: permission_role INSERT
106,owner,232,browse_invoice_money_receipts,owner,CONFIRMED: permission_role INSERT
108,Agency,232,browse_invoice_money_receipts,agency,CONFIRMED: permission_role INSERT
1,sadmin,233,read_invoice_money_receipts,sadmin,CONFIRMED: permission_role INSERT
108,Agency,233,read_invoice_money_receipts,agency,CONFIRMED: permission_role INSERT
1,sadmin,234,edit_invoice_money_receipts,sadmin,CONFIRMED: permission_role INSERT
106,owner,234,edit_invoice_money_receipts,owner,CONFIRMED: permission_role INSERT
108,Agency,234,edit_invoice_money_receipts,agency,CONFIRMED: permission_role INSERT
1,sadmin,235,add_invoice_money_receipts,sadmin,CONFIRMED: permission_role INSERT
106,owner,235,add_invoice_money_receipts,owner,CONFIRMED: permission_role INSERT
108,Agency,235,add_invoice_money_receipts,agency,CONFIRMED: permission_role INSERT
1,sadmin,236,delete_invoice_money_receipts,sadmin,CONFIRMED: permission_role INSERT
106,owner,236,delete_invoice_money_receipts,owner,CONFIRMED: permission_role INSERT
1,sadmin,237,browse_document_types,sadmin,CONFIRMED: permission_role INSERT
104,Employee,237,browse_document_types,employee,CONFIRMED: permission_role INSERT
106,owner,237,browse_document_types,owner,CONFIRMED: permission_role INSERT
1,sadmin,238,read_document_types,sadmin,CONFIRMED: permission_role INSERT
104,Employee,238,read_document_types,employee,CONFIRMED: permission_role INSERT
106,owner,238,read_document_types,owner,CONFIRMED: permission_role INSERT
1,sadmin,239,edit_document_types,sadmin,CONFIRMED: permission_role INSERT
104,Employee,239,edit_document_types,employee,CONFIRMED: permission_role INSERT
106,owner,239,edit_document_types,owner,CONFIRMED: permission_role INSERT
1,sadmin,240,add_document_types,sadmin,CONFIRMED: permission_role INSERT
104,Employee,240,add_document_types,employee,CONFIRMED: permission_role INSERT
106,owner,240,add_document_types,owner,CONFIRMED: permission_role INSERT
1,sadmin,241,delete_document_types,sadmin,CONFIRMED: permission_role INSERT
104,Employee,241,delete_document_types,employee,CONFIRMED: permission_role INSERT
106,owner,241,delete_document_types,owner,CONFIRMED: permission_role INSERT
1,sadmin,242,browse_selected_candidates,sadmin,CONFIRMED: permission_role INSERT
104,Employee,242,browse_selected_candidates,employee,CONFIRMED: permission_role INSERT
106,owner,242,browse_selected_candidates,owner,CONFIRMED: permission_role INSERT
1,sadmin,243,read_selected_candidates,sadmin,CONFIRMED: permission_role INSERT
104,Employee,243,read_selected_candidates,employee,CONFIRMED: permission_role INSERT
1,sadmin,244,edit_selected_candidates,sadmin,CONFIRMED: permission_role INSERT
104,Employee,244,edit_selected_candidates,employee,CONFIRMED: permission_role INSERT
106,owner,244,edit_selected_candidates,owner,CONFIRMED: permission_role INSERT
1,sadmin,245,add_selected_candidates,sadmin,CONFIRMED: permission_role INSERT
104,Employee,245,add_selected_candidates,employee,CONFIRMED: permission_role INSERT
106,owner,245,add_selected_candidates,owner,CONFIRMED: permission_role INSERT
1,sadmin,246,delete_selected_candidates,sadmin,CONFIRMED: permission_role INSERT
104,Employee,246,delete_selected_candidates,employee,CONFIRMED: permission_role INSERT
106,owner,246,delete_selected_candidates,owner,CONFIRMED: permission_role INSERT
1,sadmin,247,browse_positions,sadmin,CONFIRMED: permission_role INSERT
104,Employee,247,browse_positions,employee,CONFIRMED: permission_role INSERT
106,owner,247,browse_positions,owner,CONFIRMED: permission_role INSERT
1,sadmin,248,read_positions,sadmin,CONFIRMED: permission_role INSERT
104,Employee,248,read_positions,employee,CONFIRMED: permission_role INSERT
1,sadmin,249,edit_positions,sadmin,CONFIRMED: permission_role INSERT
104,Employee,249,edit_positions,employee,CONFIRMED: permission_role INSERT
106,owner,249,edit_positions,owner,CONFIRMED: permission_role INSERT
1,sadmin,250,add_positions,sadmin,CONFIRMED: permission_role INSERT
104,Employee,250,add_positions,employee,CONFIRMED: permission_role INSERT
106,owner,250,add_positions,owner,CONFIRMED: permission_role INSERT
1,sadmin,251,delete_positions,sadmin,CONFIRMED: permission_role INSERT
104,Employee,251,delete_positions,employee,CONFIRMED: permission_role INSERT
1,sadmin,252,browse_licenses,sadmin,CONFIRMED: permission_role INSERT
104,Employee,252,browse_licenses,employee,CONFIRMED: permission_role INSERT
106,owner,252,browse_licenses,owner,CONFIRMED: permission_role INSERT
1,sadmin,253,read_licenses,sadmin,CONFIRMED: permission_role INSERT
104,Employee,253,read_licenses,employee,CONFIRMED: permission_role INSERT
1,sadmin,254,edit_licenses,sadmin,CONFIRMED: permission_role INSERT
104,Employee,254,edit_licenses,employee,CONFIRMED: permission_role INSERT
106,owner,254,edit_licenses,owner,CONFIRMED: permission_role INSERT
1,sadmin,255,add_licenses,sadmin,CONFIRMED: permission_role INSERT
104,Employee,255,add_licenses,employee,CONFIRMED: permission_role INSERT
106,owner,255,add_licenses,owner,CONFIRMED: permission_role INSERT
1,sadmin,256,delete_licenses,sadmin,CONFIRMED: permission_role INSERT
104,Employee,256,delete_licenses,employee,CONFIRMED: permission_role INSERT
106,owner,256,delete_licenses,owner,CONFIRMED: permission_role INSERT
1,sadmin,267,browse_ticket_companies,sadmin,CONFIRMED: permission_role INSERT
106,owner,267,browse_ticket_companies,owner,CONFIRMED: permission_role INSERT
1,sadmin,268,read_ticket_companies,sadmin,CONFIRMED: permission_role INSERT
1,sadmin,269,edit_ticket_companies,sadmin,CONFIRMED: permission_role INSERT
106,owner,269,edit_ticket_companies,owner,CONFIRMED: permission_role INSERT
1,sadmin,270,add_ticket_companies,sadmin,CONFIRMED: permission_role INSERT
1,sadmin,271,delete_ticket_companies,sadmin,CONFIRMED: permission_role INSERT
1,sadmin,272,browse_ticket_invoices,sadmin,CONFIRMED: permission_role INSERT
106,owner,272,browse_ticket_invoices,owner,CONFIRMED: permission_role INSERT
1,sadmin,273,read_ticket_invoices,sadmin,CONFIRMED: permission_role INSERT
1,sadmin,274,edit_ticket_invoices,sadmin,CONFIRMED: permission_role INSERT
106,owner,274,edit_ticket_invoices,owner,CONFIRMED: permission_role INSERT
1,sadmin,275,add_ticket_invoices,sadmin,CONFIRMED: permission_role INSERT
106,owner,275,add_ticket_invoices,owner,CONFIRMED: permission_role INSERT
1,sadmin,276,delete_ticket_invoices,sadmin,CONFIRMED: permission_role INSERT
1,sadmin,277,browse_ticket_invoice_money_receipts,sadmin,CONFIRMED: permission_role INSERT
106,owner,277,browse_ticket_invoice_money_receipts,owner,CONFIRMED: permission_role INSERT
1,sadmin,278,read_ticket_invoice_money_receipts,sadmin,CONFIRMED: permission_role INSERT
106,owner,278,read_ticket_invoice_money_receipts,owner,CONFIRMED: permission_role INSERT
1,sadmin,279,edit_ticket_invoice_money_receipts,sadmin,CONFIRMED: permission_role INSERT
1,sadmin,280,add_ticket_invoice_money_receipts,sadmin,CONFIRMED: permission_role INSERT
106,owner,280,add_ticket_invoice_money_receipts,owner,CONFIRMED: permission_role INSERT
1,sadmin,281,delete_ticket_invoice_money_receipts,sadmin,CONFIRMED: permission_role INSERT
106,owner,281,delete_ticket_invoice_money_receipts,owner,CONFIRMED: permission_role INSERT
1,sadmin,282,browse_sub_agents,sadmin,CONFIRMED: permission_role INSERT
101,Agent,282,browse_sub_agents,agent,CONFIRMED: permission_role INSERT
106,owner,282,browse_sub_agents,owner,CONFIRMED: permission_role INSERT
1,sadmin,283,read_sub_agents,sadmin,CONFIRMED: permission_role INSERT
101,Agent,283,read_sub_agents,agent,CONFIRMED: permission_role INSERT
106,owner,283,read_sub_agents,owner,CONFIRMED: permission_role INSERT
1,sadmin,284,edit_sub_agents,sadmin,CONFIRMED: permission_role INSERT
101,Agent,284,edit_sub_agents,agent,CONFIRMED: permission_role INSERT
106,owner,284,edit_sub_agents,owner,CONFIRMED: permission_role INSERT
1,sadmin,285,add_sub_agents,sadmin,CONFIRMED: permission_role INSERT
101,Agent,285,add_sub_agents,agent,CONFIRMED: permission_role INSERT
106,owner,285,add_sub_agents,owner,CONFIRMED: permission_role INSERT
1,sadmin,286,delete_sub_agents,sadmin,CONFIRMED: permission_role INSERT
1,sadmin,287,browse_sub_agent_payment_requests,sadmin,CONFIRMED: permission_role INSERT
101,Agent,287,browse_sub_agent_payment_requests,agent,CONFIRMED: permission_role INSERT
1,sadmin,288,read_sub_agent_payment_requests,sadmin,CONFIRMED: permission_role INSERT
1,sadmin,289,edit_sub_agent_payment_requests,sadmin,CONFIRMED: permission_role INSERT
1,sadmin,290,add_sub_agent_payment_requests,sadmin,CONFIRMED: permission_role INSERT
101,Agent,290,add_sub_agent_payment_requests,agent,CONFIRMED: permission_role INSERT
1,sadmin,291,delete_sub_agent_payment_requests,sadmin,CONFIRMED: permission_role INSERT
