table,kind,path,line
agenciers,HELPER,src/app/Helpers/CommonClass.php,5
agenciers,CONTROLLER,src/app/Http/Controllers/Admin/VoyagerAgencierController.php,35
agenciers,CONTROLLER,src/app/Http/Controllers/Admin/VoyagerAjaxController.php,35
agenciers,CONTROLLER,src/app/Http/Controllers/Admin/VoyagerInvoiceController.php,8
agenciers,CONTROLLER,src/app/Http/Controllers/Admin/VoyagerMyPanelController.php,847
agenciers,CONTROLLER,src/app/Http/Controllers/Admin/VoyagerReportController.php,461
agenciers,CONTROLLER,src/app/Http/Controllers/Admin/VoyagerTicketInvoiceController.php,5
agenciers,MODEL,src/app/Models/Agencier.php,8
agenciers,MODEL,src/app/Models/Candidate.php,29
agenciers,MODEL,src/app/Models/Invoice.php,12
agenciers,MODEL,src/app/Models/TicketInvoice.php,10
agenciers,REPORT_CONTROLLER,src/app/Http/Controllers/Admin/VoyagerReportController.php,459
agenciers,REPORT_VIEW,src/resources/views/vendor/voyager/reports/print/selected-candidate-report.blade.php,1
agenciers,REPORT_CONTROLLER,src/app/Http/Controllers/Admin/VoyagerReportController.php,489
agenciers,REPORT_VIEW,src/resources/views/vendor/voyager/reports/print/flight-report.blade.php,1
agenciers,REPORT_CONTROLLER,src/app/Http/Controllers/Admin/VoyagerReportController.php,516
agenciers,REPORT_VIEW,src/resources/views/vendor/voyager/reports/print/employer-report.blade.php,1
agenciers,REPORT_CONTROLLER,src/app/Http/Controllers/Admin/VoyagerReportController.php,546
agenciers,REPORT_VIEW,src/resources/views/vendor/voyager/reports/print/exam-report.blade.php,1
agenciers,REPORT_CONTROLLER,src/app/Http/Controllers/Admin/VoyagerReportController.php,573
agenciers,REPORT_VIEW,src/resources/views/vendor/voyager/reports/print/flight-schedule.blade.php,1
agenciers,REPORT_CONTROLLER,src/app/Http/Controllers/Admin/VoyagerReportController.php,706
agenciers,REPORT_VIEW,src/resources/views/vendor/voyager/reports/print/candidate-resume-report.blade.php,1
agenciers,REPORT_CONTROLLER,src/app/Http/Controllers/Admin/VoyagerReportController.php,716
agenciers,REPORT_VIEW,src/resources/views/vendor/voyager/reports/print/candidate-list-report.blade.php,1
agenciers,REPORT_CONTROLLER,src/app/Http/Controllers/Admin/VoyagerReportController.php,827
agenciers,REPORT_VIEW,src/resources/views/vendor/voyager/reports/print/tickets-report.blade.php,1
agenciers,REPORT_CONTROLLER,src/app/Http/Controllers/Admin/VoyagerReportController.php,856
agenciers,REPORT_VIEW,src/resources/views/vendor/voyager/reports/print/money-receipt-report.blade.php,1
agencies,MODEL,src/app/Models/Agency.php,8
agents,OTHER,src/app/Actions/AgentPaymentAction.php,29
agents,HELPER,src/app/Helpers/CommonClass.php,6
agents,CONTROLLER,src/app/Http/Controllers/AgentController.php,13
agents,CONTROLLER,src/app/Http/Controllers/Admin/VoyagerAgentController.php,7
agents,CONTROLLER,src/app/Http/Controllers/Admin/VoyagerAjaxController.php,6
agents,CONTROLLER,src/app/Http/Controllers/Admin/VoyagerAnnouncementsController.php,6
agents,CONTROLLER,src/app/Http/Controllers/Admin/VoyagerCandidateDocumentController.php,91
agents,CONTROLLER,src/app/Http/Controllers/Admin/VoyagerCandidatesController.php,7
agents,CONTROLLER,src/app/Http/Controllers/Admin/VoyagerMyPanelController.php,6
agents,CONTROLLER,src/app/Http/Controllers/Admin/VoyagerNotificationsController.php,6
agents,CONTROLLER,src/app/Http/Controllers/Admin/VoyagerPaymentController.php,6
agents,CONTROLLER,src/app/Http/Controllers/Admin/VoyagerPaymentRequestController.php,95
agents,CONTROLLER,src/app/Http/Controllers/Admin/VoyagerProfileController.php,31
agents,CONTROLLER,src/app/Http/Controllers/Admin/VoyagerReportController.php,5
agents,CONTROLLER,src/app/Http/Controllers/Admin/VoyagerSubAgentController.php,7
agents,CONTROLLER,src/app/Http/Controllers/Admin/VoyagerSubAgentPaymentRequestController.php,97
agents,CONTROLLER,src/app/Http/Controllers/Admin/VoyagerTicketInvoiceController.php,6
agents,CONTROLLER,src/app/Http/Controllers/Admin/VoyagerUserController.php,53
agents,OTHER,src/app/Http/Livewire/AgentRegistration.php,5
agents,MODEL,src/app/Models/Agent.php,8
agents,MODEL,src/app/Models/Candidate.php,23
agents,MODEL,src/app/Models/PaymentRequest.php,13
agents,OTHER,src/app/Widgets/AgentBalance.php,15
agents,OTHER,src/app/Widgets/AgentCandidateSummary.php,15
agents,OTHER,src/app/Widgets/Announcement.php,45
agents,OTHER,src/app/Widgets/GroupChangeDate.php,42
agents,OTHER,src/app/Widgets/SelectedCandidateSummary.php,43
agents,OTHER,src/app/Widgets/TableDim.php,42
agents,OTHER,src/app/Widgets/TodaysCalss.php,70
agents,OTHER,src/app/Widgets/UpcomingInterviewSchedule.php,55
agents,OTHER,src/app/Widgets/UpcommingFlightSchedule.php,53
agents,OTHER,src/bootstrap/cache/livewire-components.php,2
agents,OTHER,src/resources/views/agent-registration.blade.php,3
agents,OTHER,src/resources/views/layout.blade.php,92
agents,OTHER,src/resources/views/registration.blade.php,40
agents,OTHER,src/resources/views/welcome.blade.php,72
agents,ROUTE,src/routes/admin.php,18
agents,REPORT_CONTROLLER,src/app/Http/Controllers/Admin/VoyagerReportController.php,394
agents,REPORT_VIEW,src/resources/views/vendor/voyager/reports/print/agent-ledger.blade.php,1
agents,REPORT_CONTROLLER,src/app/Http/Controllers/Admin/VoyagerReportController.php,406
agents,REPORT_VIEW,src/resources/views/vendor/voyager/reports/print/agent-report.blade.php,1
agents,REPORT_CONTROLLER,src/app/Http/Controllers/Admin/VoyagerReportController.php,459
agents,REPORT_VIEW,src/resources/views/vendor/voyager/reports/print/selected-candidate-report.blade.php,1
agents,REPORT_CONTROLLER,src/app/Http/Controllers/Admin/VoyagerReportController.php,489
agents,REPORT_VIEW,src/resources/views/vendor/voyager/reports/print/flight-report.blade.php,1
agents,REPORT_CONTROLLER,src/app/Http/Controllers/Admin/VoyagerReportController.php,516
agents,REPORT_VIEW,src/resources/views/vendor/voyager/reports/print/employer-report.blade.php,1
agents,REPORT_CONTROLLER,src/app/Http/Controllers/Admin/VoyagerReportController.php,546
agents,REPORT_VIEW,src/resources/views/vendor/voyager/reports/print/exam-report.blade.php,1
agents,REPORT_CONTROLLER,src/app/Http/Controllers/Admin/VoyagerReportController.php,573
agents,REPORT_VIEW,src/resources/views/vendor/voyager/reports/print/flight-schedule.blade.php,1
agents,REPORT_CONTROLLER,src/app/Http/Controllers/Admin/VoyagerReportController.php,706
agents,REPORT_VIEW,src/resources/views/vendor/voyager/reports/print/candidate-resume-report.blade.php,1
agents,REPORT_CONTROLLER,src/app/Http/Controllers/Admin/VoyagerReportController.php,716
agents,REPORT_VIEW,src/resources/views/vendor/voyager/reports/print/candidate-list-report.blade.php,1
announcement_class_groups,MODEL,src/app/Models/AnnouncementClassGroup.php,8
announcements,MODEL,src/app/Models/Announcement.php,8
announcements,OTHER,src/app/Widgets/Announcement.php,9
announcements,OTHER,src/config/voyager.php,162
arcs,HELPER,src/app/Helpers/CommonClass.php,8
arcs,CONTROLLER,src/app/Http/Controllers/Admin/VoyagerReportController.php,778
arcs,MODEL,src/app/Models/Arc.php,8
arcs,ROUTE,src/routes/admin.php,31
arcs,REPORT_CONTROLLER,src/app/Http/Controllers/Admin/VoyagerReportController.php,775
arcs,REPORT_VIEW,src/resources/views/vendor/voyager/reports/print/arc-report.blade.php,1
attribute_list,CONTROLLER,src/app/Http/Controllers/PageController.php,6
attribute_list,CONTROLLER,src/app/Http/Controllers/Admin/VoyagerMyPanelController.php,7
attribute_list,MODEL,src/app/Models/AttributeList.php,8
attribute_list,OTHER,src/resources/views/candidate-details.blade.php,551
candidate_documents,CONTROLLER,src/app/Http/Controllers/Admin/VoyagerCandidateDocumentController.php,7
candidate_documents,MODEL,src/app/Models/CandidateDocument.php,8
candidates,HELPER,src/app/Helpers/CommonClass.php,9
candidates,CONTROLLER,src/app/Http/Controllers/ApiController.php,6
candidates,CONTROLLER,src/app/Http/Controllers/PageController.php,7
candidates,CONTROLLER,src/app/Http/Controllers/Admin/VoyagerAgentController.php,8
candidates,CONTROLLER,src/app/Http/Controllers/Admin/VoyagerAjaxController.php,7
candidates,CONTROLLER,src/app/Http/Controllers/Admin/VoyagerAnnouncementsController.php,7
candidates,CONTROLLER,src/app/Http/Controllers/Admin/VoyagerCandidateDocumentController.php,6
candidates,CONTROLLER,src/app/Http/Controllers/Admin/VoyagerCandidatesController.php,8
candidates,CONTROLLER,src/app/Http/Controllers/Admin/VoyagerExamController.php,6
candidates,CONTROLLER,src/app/Http/Controllers/Admin/VoyagerExamResultController.php,6
candidates,CONTROLLER,src/app/Http/Controllers/Admin/VoyagerInvoiceController.php,5
candidates,CONTROLLER,src/app/Http/Controllers/Admin/VoyagerLicenseController.php,5
candidates,CONTROLLER,src/app/Http/Controllers/Admin/VoyagerMyPanelController.php,8
candidates,CONTROLLER,src/app/Http/Controllers/Admin/VoyagerNotificationsController.php,7
candidates,CONTROLLER,src/app/Http/Controllers/Admin/VoyagerPaymentController.php,7
candidates,CONTROLLER,src/app/Http/Controllers/Admin/VoyagerPaymentRequestController.php,6
candidates,CONTROLLER,src/app/Http/Controllers/Admin/VoyagerReportController.php,6
candidates,CONTROLLER,src/app/Http/Controllers/Admin/VoyagerSubAgentController.php,9
candidates,CONTROLLER,src/app/Http/Controllers/Admin/VoyagerSubAgentPaymentRequestController.php,6
candidates,CONTROLLER,src/app/Http/Controllers/Admin/VoyagerTicketInvoiceController.php,7
candidates,CONTROLLER,src/app/Http/Controllers/Admin/VoyagerUserController.php,56
candidates,MODEL,src/app/Models/Arc.php,10
candidates,MODEL,src/app/Models/Candidate.php,10
candidates,MODEL,src/app/Models/ClassGroup.php,24
candidates,MODEL,src/app/Models/Companier.php,21
candidates,MODEL,src/app/Models/ExamResult.php,10
candidates,MODEL,src/app/Models/Invoice.php,28
candidates,MODEL,src/app/Models/PaymentRequest.php,10
candidates,MODEL,src/app/Models/PoliceClearance.php,10
candidates,MODEL,src/app/Models/SelectedCandidate.php,10
candidates,MODEL,src/app/Models/SubAgentPaymentRequest.php,10
candidates,MODEL,src/app/Models/TicketInvoice.php,10
candidates,MODEL,src/app/Models/TicketInvoiceLine.php,11
candidates,MODEL,src/app/Models/VisaImmigration.php,10
candidates,OTHER,src/app/Widgets/AgentBalance.php,46
candidates,OTHER,src/app/Widgets/AgentCandidateSummary.php,15
candidates,OTHER,src/app/Widgets/Announcement.php,46
candidates,OTHER,src/app/Widgets/GroupChangeDate.php,26
candidates,OTHER,src/app/Widgets/SelectedCandidateSlider.php,12
candidates,OTHER,src/app/Widgets/SelectedCandidateSummary.php,15
candidates,OTHER,src/app/Widgets/TableDim.php,15
candidates,OTHER,src/app/Widgets/TodaysCalss.php,71
candidates,OTHER,src/app/Widgets/UpcomingInterviewSchedule.php,56
candidates,OTHER,src/app/Widgets/UpcommingFlightSchedule.php,16
candidates,OTHER,src/resources/views/about.blade.php,49
candidates,OTHER,src/resources/views/agent-registration.blade.php,76
candidates,OTHER,src/resources/views/candidate-details.blade.php,338
candidates,OTHER,src/resources/views/candidates.blade.php,3
candidates,OTHER,src/resources/views/dashboard.blade.php,33
candidates,OTHER,src/resources/views/employers.blade.php,42
candidates,OTHER,src/resources/views/home.blade.php,210
candidates,OTHER,src/resources/views/home1.blade.php,1400
candidates,OTHER,src/resources/views/layout.blade.php,110
candidates,OTHER,src/resources/views/welcome.blade.php,70
candidates,OTHER,src/resources/views/livewire/login.blade.php,84
candidates,ROUTE,src/routes/admin.php,20
candidates,ROUTE,src/routes/api.php,21
candidates,ROUTE,src/routes/web.php,29
candidates,REPORT_CONTROLLER,src/app/Http/Controllers/Admin/VoyagerReportController.php,406
candidates,REPORT_VIEW,src/resources/views/vendor/voyager/reports/print/agent-report.blade.php,1
candidates,REPORT_CONTROLLER,src/app/Http/Controllers/Admin/VoyagerReportController.php,459
candidates,REPORT_VIEW,src/resources/views/vendor/voyager/reports/print/selected-candidate-report.blade.php,1
candidates,REPORT_CONTROLLER,src/app/Http/Controllers/Admin/VoyagerReportController.php,489
candidates,REPORT_VIEW,src/resources/views/vendor/voyager/reports/print/flight-report.blade.php,1
candidates,REPORT_CONTROLLER,src/app/Http/Controllers/Admin/VoyagerReportController.php,516
candidates,REPORT_VIEW,src/resources/views/vendor/voyager/reports/print/employer-report.blade.php,1
candidates,REPORT_CONTROLLER,src/app/Http/Controllers/Admin/VoyagerReportController.php,546
candidates,REPORT_VIEW,src/resources/views/vendor/voyager/reports/print/exam-report.blade.php,1
candidates,REPORT_CONTROLLER,src/app/Http/Controllers/Admin/VoyagerReportController.php,573
candidates,REPORT_VIEW,src/resources/views/vendor/voyager/reports/print/flight-schedule.blade.php,1
candidates,REPORT_CONTROLLER,src/app/Http/Controllers/Admin/VoyagerReportController.php,646
candidates,REPORT_VIEW,src/resources/views/vendor/voyager/reports/print/exam-result-sheet.blade.php,1
candidates,REPORT_CONTROLLER,src/app/Http/Controllers/Admin/VoyagerReportController.php,706
candidates,REPORT_VIEW,src/resources/views/vendor/voyager/reports/print/candidate-resume-report.blade.php,1
candidates,REPORT_CONTROLLER,src/app/Http/Controllers/Admin/VoyagerReportController.php,716
candidates,REPORT_VIEW,src/resources/views/vendor/voyager/reports/print/candidate-list-report.blade.php,1
candidates,REPORT_CONTROLLER,src/app/Http/Controllers/Admin/VoyagerReportController.php,749
candidates,REPORT_VIEW,src/resources/views/vendor/voyager/reports/print/police-clearance-report.blade.php,1
candidates,REPORT_CONTROLLER,src/app/Http/Controllers/Admin/VoyagerReportController.php,775
candidates,REPORT_VIEW,src/resources/views/vendor/voyager/reports/print/arc-report.blade.php,1
candidates,REPORT_CONTROLLER,src/app/Http/Controllers/Admin/VoyagerReportController.php,801
candidates,REPORT_VIEW,src/resources/views/vendor/voyager/reports/print/visa-report.blade.php,1
candidates,REPORT_CONTROLLER,src/app/Http/Controllers/Admin/VoyagerReportController.php,827
candidates,REPORT_VIEW,src/resources/views/vendor/voyager/reports/print/tickets-report.blade.php,1
categories,CONTROLLER,src/app/Http/Controllers/Admin/VoyagerDatabaseController.php,74
categories,OTHER,src/database/migrations/2016_02_15_204651_create_categories_table.php,15
categories,OTHER,src/database/seeders/CategoriesTableSeeder.php,23
categories,OTHER,src/database/seeders/TranslationsTableSeeder.php,28
categories,OTHER,src/resources/views/home1.blade.php,44
categories,OTHER,src/resources/views/welcome.blade.php,364
class_groups,HELPER,src/app/Helpers/CommonClass.php,564
class_groups,CONTROLLER,src/app/Http/Controllers/ApiController.php,37
class_groups,CONTROLLER,src/app/Http/Controllers/PageController.php,8
class_groups,CONTROLLER,src/app/Http/Controllers/Admin/VoyagerAjaxController.php,31
class_groups,CONTROLLER,src/app/Http/Controllers/Admin/VoyagerCandidatesController.php,9
class_groups,CONTROLLER,src/app/Http/Controllers/Admin/VoyagerExamResultController.php,7
class_groups,CONTROLLER,src/app/Http/Controllers/Admin/VoyagerMyPanelController.php,847
class_groups,CONTROLLER,src/app/Http/Controllers/Admin/VoyagerReportController.php,440
class_groups,CONTROLLER,src/app/Http/Controllers/Admin/VoyagerTicketInvoiceController.php,243
class_groups,MODEL,src/app/Models/Candidate.php,20
class_groups,MODEL,src/app/Models/ClassGroup.php,8
class_groups,MODEL,src/app/Models/ClassSchedule.php,10
class_groups,MODEL,src/app/Models/Exam.php,10
class_groups,MODEL,src/app/Models/ExamResult.php,25
class_groups,MODEL,src/app/Models/SelectedCandidate.php,10
class_groups,OTHER,src/app/Widgets/TodaysCalss.php,35
class_groups,OTHER,src/app/Widgets/UpcomingInterviewSchedule.php,34
class_groups,OTHER,src/resources/views/candidate-details.blade.php,454
class_groups,OTHER,src/resources/views/candidates.blade.php,177
class_groups,REPORT_CONTROLLER,src/app/Http/Controllers/Admin/VoyagerReportController.php,406
class_groups,REPORT_VIEW,src/resources/views/vendor/voyager/reports/print/agent-report.blade.php,1
class_groups,REPORT_CONTROLLER,src/app/Http/Controllers/Admin/VoyagerReportController.php,516
class_groups,REPORT_VIEW,src/resources/views/vendor/voyager/reports/print/employer-report.blade.php,1
class_groups,REPORT_CONTROLLER,src/app/Http/Controllers/Admin/VoyagerReportController.php,621
class_groups,REPORT_VIEW,src/resources/views/vendor/voyager/reports/print/teacher-schedule.blade.php,1
class_groups,REPORT_CONTROLLER,src/app/Http/Controllers/Admin/VoyagerReportController.php,646
class_groups,REPORT_VIEW,src/resources/views/vendor/voyager/reports/print/exam-result-sheet.blade.php,1
class_groups,REPORT_CONTROLLER,src/app/Http/Controllers/Admin/VoyagerReportController.php,706
class_groups,REPORT_VIEW,src/resources/views/vendor/voyager/reports/print/candidate-resume-report.blade.php,1
class_groups,REPORT_CONTROLLER,src/app/Http/Controllers/Admin/VoyagerReportController.php,716
class_groups,REPORT_VIEW,src/resources/views/vendor/voyager/reports/print/candidate-list-report.blade.php,1
class_schedules,CONTROLLER,src/app/Http/Controllers/Admin/VoyagerClassScheduleController.php,6
class_schedules,CONTROLLER,src/app/Http/Controllers/Admin/VoyagerReportController.php,624
class_schedules,MODEL,src/app/Models/ClassSchedule.php,8
class_schedules,MODEL,src/app/Models/Teacher.php,21
class_schedules,OTHER,src/app/Widgets/TodaysCalss.php,33
class_schedules,OTHER,src/app/Widgets/UpcomingInterviewSchedule.php,32
class_schedules,REPORT_CONTROLLER,src/app/Http/Controllers/Admin/VoyagerReportController.php,621
class_schedules,REPORT_VIEW,src/resources/views/vendor/voyager/reports/print/teacher-schedule.blade.php,1
companiers,HELPER,src/app/Helpers/CommonClass.php,10
companiers,CONTROLLER,src/app/Http/Controllers/Admin/VoyagerAjaxController.php,36
companiers,CONTROLLER,src/app/Http/Controllers/Admin/VoyagerCompanierController.php,35
companiers,CONTROLLER,src/app/Http/Controllers/Admin/VoyagerMyPanelController.php,847
companiers,CONTROLLER,src/app/Http/Controllers/Admin/VoyagerReportController.php,461
companiers,CONTROLLER,src/app/Http/Controllers/Admin/VoyagerTicketInvoiceController.php,8
companiers,MODEL,src/app/Models/Candidate.php,32
companiers,MODEL,src/app/Models/Companier.php,10
companiers,MODEL,src/app/Models/Invoice.php,12
companiers,MODEL,src/app/Models/License.php,11
companiers,MODEL,src/app/Models/TicketInvoice.php,10
companiers,REPORT_CONTROLLER,src/app/Http/Controllers/Admin/VoyagerReportController.php,459
companiers,REPORT_VIEW,src/resources/views/vendor/voyager/reports/print/selected-candidate-report.blade.php,1
companiers,REPORT_CONTROLLER,src/app/Http/Controllers/Admin/VoyagerReportController.php,489
companiers,REPORT_VIEW,src/resources/views/vendor/voyager/reports/print/flight-report.blade.php,1
companiers,REPORT_CONTROLLER,src/app/Http/Controllers/Admin/VoyagerReportController.php,516
companiers,REPORT_VIEW,src/resources/views/vendor/voyager/reports/print/employer-report.blade.php,1
companiers,REPORT_CONTROLLER,src/app/Http/Controllers/Admin/VoyagerReportController.php,573
companiers,REPORT_VIEW,src/resources/views/vendor/voyager/reports/print/flight-schedule.blade.php,1
companiers,REPORT_CONTROLLER,src/app/Http/Controllers/Admin/VoyagerReportController.php,706
companiers,REPORT_VIEW,src/resources/views/vendor/voyager/reports/print/candidate-resume-report.blade.php,1
companiers,REPORT_CONTROLLER,src/app/Http/Controllers/Admin/VoyagerReportController.php,716
companiers,REPORT_VIEW,src/resources/views/vendor/voyager/reports/print/candidate-list-report.blade.php,1
companiers,REPORT_CONTROLLER,src/app/Http/Controllers/Admin/VoyagerReportController.php,726
companiers,REPORT_VIEW,src/resources/views/vendor/voyager/reports/print/company-report.blade.php,1
companiers,REPORT_CONTROLLER,src/app/Http/Controllers/Admin/VoyagerReportController.php,827
companiers,REPORT_VIEW,src/resources/views/vendor/voyager/reports/print/tickets-report.blade.php,1
companiers,REPORT_CONTROLLER,src/app/Http/Controllers/Admin/VoyagerReportController.php,856
companiers,REPORT_VIEW,src/resources/views/vendor/voyager/reports/print/money-receipt-report.blade.php,1
companies,CONTROLLER,src/app/Http/Controllers/Admin/AuthenticationController.php,29
companies,CONTROLLER,src/app/Http/Controllers/Admin/VoyagerCandidatesController.php,619
companies,CONTROLLER,src/app/Http/Controllers/Admin/VoyagerReportController.php,741
companies,OTHER,src/resources/views/about.blade.php,216
companies,OTHER,src/resources/views/home1.blade.php,166
companies,OTHER,src/resources/views/welcome.blade.php,486
companies,MODEL,src/app/Models/Company.php,8
countries,MODEL,src/app/Models/Country.php,8
countries,REPORT_CONTROLLER,src/app/Http/Controllers/Admin/VoyagerReportController.php,726
countries,REPORT_VIEW,src/resources/views/vendor/voyager/reports/print/company-report.blade.php,1
currencies,CONTROLLER,src/app/Http/Controllers/Admin/VoyagerMyPanelController.php,639
currencies,MODEL,src/app/Models/Currency.php,8
curricular_list,CONTROLLER,src/app/Http/Controllers/PageController.php,9
curricular_list,CONTROLLER,src/app/Http/Controllers/Admin/VoyagerMyPanelController.php,10
curricular_list,MODEL,src/app/Models/CurricularList.php,8
curricular_list,OTHER,src/resources/views/candidate-details.blade.php,562
data_rows,OTHER,src/config/voyager.php,86
data_rows,OTHER,src/database/seeders/CategoriesTableSeeder.php,7
data_rows,OTHER,src/database/seeders/DataRowsTableSeeder.php,6
data_rows,OTHER,src/database/seeders/PagesTableSeeder.php,6
data_rows,OTHER,src/database/seeders/PostsTableSeeder.php,6
data_types,OTHER,src/app/Actions/AgentPaymentAction.php,29
data_types,OTHER,src/app/Actions/AttributeValueAction.php,35
data_types,OTHER,src/app/Actions/CandidateExamResultPublishAction.php,29
data_types,OTHER,src/app/Actions/ClassScheduleAction.php,29
data_types,OTHER,src/app/Actions/CustomerPaymentAction.php,29
data_types,OTHER,src/app/Actions/ExamResultPublishAction.php,29
data_types,OTHER,src/app/Actions/InvoiceMoneyReceiptAction.php,47
data_types,OTHER,src/app/Actions/InvoicePrintAction.php,30
data_types,OTHER,src/app/Actions/PaymentApprovalAction.php,32
data_types,OTHER,src/app/Actions/PurchaseInvoiceAction.php,30
data_types,OTHER,src/app/Actions/SalesInvoiceAction.php,30
data_types,OTHER,src/app/Actions/StockExchangeAction.php,29
data_types,OTHER,src/app/Actions/SupplierPaymentAction.php,29
data_types,OTHER,src/app/Actions/TeacherPaymentAction.php,29
data_types,OTHER,src/app/Actions/TicketInvoiceMoneyReceiptAction.php,47
data_types,OTHER,src/app/Actions/TicketInvoicePrintAction.php,30
data_types,OTHER,src/app/FormFields/EmailFromField.php,11
data_types,OTHER,src/app/FormFields/LinkFromField.php,11
data_types,OTHER,src/app/FormFields/MobileFromField.php,11
data_types,CONTROLLER,src/app/Http/Controllers/Admin/AuthenticationController.php,75
data_types,CONTROLLER,src/app/Http/Controllers/Admin/VoyagerAgencierController.php,27
data_types,CONTROLLER,src/app/Http/Controllers/Admin/VoyagerAgencyController.php,28
data_types,CONTROLLER,src/app/Http/Controllers/Admin/VoyagerAgentController.php,28
data_types,CONTROLLER,src/app/Http/Controllers/Admin/VoyagerAnnouncementsController.php,28
data_types,CONTROLLER,src/app/Http/Controllers/Admin/VoyagerArcController.php,28
data_types,CONTROLLER,src/app/Http/Controllers/Admin/VoyagerCandidateDocumentController.php,25
data_types,CONTROLLER,src/app/Http/Controllers/Admin/VoyagerCandidatesController.php,37
data_types,CONTROLLER,src/app/Http/Controllers/Admin/VoyagerClassScheduleController.php,20
data_types,CONTROLLER,src/app/Http/Controllers/Admin/VoyagerCompanierController.php,27
data_types,CONTROLLER,src/app/Http/Controllers/Admin/VoyagerCompanyController.php,28
data_types,CONTROLLER,src/app/Http/Controllers/Admin/VoyagerEmployeeController.php,27
data_types,CONTROLLER,src/app/Http/Controllers/Admin/VoyagerEmployerController.php,27
data_types,CONTROLLER,src/app/Http/Controllers/Admin/VoyagerExamController.php,21
data_types,CONTROLLER,src/app/Http/Controllers/Admin/VoyagerExamResultController.php,25
data_types,CONTROLLER,src/app/Http/Controllers/Admin/VoyagerFlightScheduleController.php,28
data_types,CONTROLLER,src/app/Http/Controllers/Admin/VoyagerInvoiceController.php,23
data_types,CONTROLLER,src/app/Http/Controllers/Admin/VoyagerInvoiceMoneyReceiptController.php,66
data_types,CONTROLLER,src/app/Http/Controllers/Admin/VoyagerLabourContractController.php,28
data_types,CONTROLLER,src/app/Http/Controllers/Admin/VoyagerLicenseController.php,22
data_types,CONTROLLER,src/app/Http/Controllers/Admin/VoyagerManpowerController.php,28
data_types,CONTROLLER,src/app/Http/Controllers/Admin/VoyagerMedicalMinistryController.php,28
data_types,CONTROLLER,src/app/Http/Controllers/Admin/VoyagerMyPanelController.php,86
data_types,CONTROLLER,src/app/Http/Controllers/Admin/VoyagerNotificationsController.php,30
data_types,CONTROLLER,src/app/Http/Controllers/Admin/VoyagerPaymentController.php,23
data_types,CONTROLLER,src/app/Http/Controllers/Admin/VoyagerPaymentRequestController.php,24
data_types,CONTROLLER,src/app/Http/Controllers/Admin/VoyagerPoliceClearanceController.php,28
data_types,CONTROLLER,src/app/Http/Controllers/Admin/VoyagerProfileController.php,33
data_types,CONTROLLER,src/app/Http/Controllers/Admin/VoyagerReportController.php,28
data_types,CONTROLLER,src/app/Http/Controllers/Admin/VoyagerSubAgentController.php,33
data_types,CONTROLLER,src/app/Http/Controllers/Admin/VoyagerSubAgentPaymentRequestController.php,26
data_types,CONTROLLER,src/app/Http/Controllers/Admin/VoyagerTeacherController.php,27
data_types,CONTROLLER,src/app/Http/Controllers/Admin/VoyagerTicketInvoiceController.php,26
data_types,CONTROLLER,src/app/Http/Controllers/Admin/VoyagerTicketInvoiceMoneyReceiptController.php,66
data_types,CONTROLLER,src/app/Http/Controllers/Admin/VoyagerUserController.php,43
data_types,CONTROLLER,src/app/Http/Controllers/Admin/VoyagerVisaImmigrationController.php,28
data_types,OTHER,src/config/voyager.php,86
data_types,OTHER,src/database/seeders/CategoriesTableSeeder.php,8
data_types,OTHER,src/database/seeders/DataRowsTableSeeder.php,7
data_types,OTHER,src/database/seeders/DataTypesTableSeeder.php,6
data_types,OTHER,src/database/seeders/PagesTableSeeder.php,7
data_types,OTHER,src/database/seeders/PostsTableSeeder.php,7
data_types,OTHER,src/database/seeders/TranslationsTableSeeder.php,7
document_types,CONTROLLER,src/app/Http/Controllers/Admin/VoyagerCandidateDocumentController.php,57
document_types,MODEL,src/app/Models/CandidateDocument.php,10
document_types,MODEL,src/app/Models/DocumentType.php,8
educations,CONTROLLER,src/app/Http/Controllers/PageController.php,10
educations,CONTROLLER,src/app/Http/Controllers/Admin/VoyagerMyPanelController.php,11
educations,MODEL,src/app/Models/Education.php,8
educations,OTHER,src/resources/views/candidate-details.blade.php,678
educations,OTHER,src/resources/views/faq.blade.php,44
employees,HELPER,src/app/Helpers/CommonClass.php,12
employees,CONTROLLER,src/app/Http/Controllers/Admin/VoyagerEmployeeController.php,35
employees,CONTROLLER,src/app/Http/Controllers/Admin/VoyagerMyPanelController.php,77
employees,CONTROLLER,src/app/Http/Controllers/Admin/VoyagerUserController.php,63
employees,MODEL,src/app/Models/Employee.php,10
employees,OTHER,src/app/Widgets/AgentBalance.php,48
employees,OTHER,src/app/Widgets/AgentCandidateSummary.php,45
employees,OTHER,src/app/Widgets/Announcement.php,48
employees,OTHER,src/app/Widgets/GroupChangeDate.php,45
employees,OTHER,src/app/Widgets/SelectedCandidateSummary.php,46
employees,OTHER,src/app/Widgets/TableDim.php,45
employees,OTHER,src/app/Widgets/TodaysCalss.php,73
employees,OTHER,src/app/Widgets/UpcomingInterviewSchedule.php,58
employees,OTHER,src/app/Widgets/UpcommingFlightSchedule.php,56
employees,ROUTE,src/routes/admin.php,23
employer_candidates,HELPER,src/app/Helpers/CommonClass.php,13
employer_candidates,CONTROLLER,src/app/Http/Controllers/PageController.php,105
employer_candidates,CONTROLLER,src/app/Http/Controllers/Admin/VoyagerAjaxController.php,8
employer_candidates,MODEL,src/app/Models/Candidate.php,76
employer_candidates,MODEL,src/app/Models/EmployerCandidate.php,8
employers,HELPER,src/app/Helpers/CommonClass.php,235
employers,OTHER,src/app/Http/Kernel.php,5
employers,CONTROLLER,src/app/Http/Controllers/PageController.php,134
employers,CONTROLLER,src/app/Http/Controllers/Admin/VoyagerEmployerController.php,35
employers,CONTROLLER,src/app/Http/Controllers/Admin/VoyagerMyPanelController.php,80
employers,CONTROLLER,src/app/Http/Controllers/Admin/VoyagerReportController.php,537
employers,CONTROLLER,src/app/Http/Controllers/Admin/VoyagerUserController.php,66
employers,OTHER,src/app/Http/Middleware/Employer.php,8
employers,MODEL,src/app/Models/Employer.php,10
employers,OTHER,src/app/Providers/RouteServiceProvider.php,40
employers,OTHER,src/app/Widgets/AgentBalance.php,49
employers,OTHER,src/app/Widgets/AgentCandidateSummary.php,46
employers,OTHER,src/app/Widgets/Announcement.php,49
employers,OTHER,src/app/Widgets/GroupChangeDate.php,46
employers,OTHER,src/app/Widgets/SelectedCandidateSummary.php,47
employers,OTHER,src/app/Widgets/TableDim.php,46
employers,OTHER,src/app/Widgets/TodaysCalss.php,74
employers,OTHER,src/app/Widgets/UpcomingInterviewSchedule.php,59
employers,OTHER,src/app/Widgets/UpcommingFlightSchedule.php,57
employers,OTHER,src/resources/views/about.blade.php,59
employers,OTHER,src/resources/views/candidate-details.blade.php,905
employers,OTHER,src/resources/views/candidates.blade.php,178
employers,OTHER,src/resources/views/dashboard.blade.php,76
employers,OTHER,src/resources/views/employers.blade.php,3
employers,OTHER,src/resources/views/faq.blade.php,44
employers,OTHER,src/resources/views/home.blade.php,238
employers,OTHER,src/resources/views/home1.blade.php,158
employers,OTHER,src/resources/views/layout.blade.php,93
employers,OTHER,src/resources/views/welcome.blade.php,64
employers,OTHER,src/resources/views/livewire/login.blade.php,90
employers,ROUTE,src/routes/admin.php,54
employers,ROUTE,src/routes/web.php,30
euro_to_bdt_rates,MODEL,src/app/Models/EuroToBdtRate.php,8
exam_results,CONTROLLER,src/app/Http/Controllers/Admin/VoyagerExamResultController.php,36
exam_results,CONTROLLER,src/app/Http/Controllers/Admin/VoyagerReportController.php,649
exam_results,MODEL,src/app/Models/Candidate.php,68
exam_results,MODEL,src/app/Models/ExamResult.php,8
exam_results,REPORT_CONTROLLER,src/app/Http/Controllers/Admin/VoyagerReportController.php,516
exam_results,REPORT_VIEW,src/resources/views/vendor/voyager/reports/print/employer-report.blade.php,1
exam_results,REPORT_CONTROLLER,src/app/Http/Controllers/Admin/VoyagerReportController.php,546
exam_results,REPORT_VIEW,src/resources/views/vendor/voyager/reports/print/exam-report.blade.php,1
exam_results,REPORT_CONTROLLER,src/app/Http/Controllers/Admin/VoyagerReportController.php,646
exam_results,REPORT_VIEW,src/resources/views/vendor/voyager/reports/print/exam-result-sheet.blade.php,1
exams,OTHER,src/app/Actions/CandidateExamResultPublishAction.php,29
exams,OTHER,src/app/Actions/ExamResultPublishAction.php,29
exams,CONTROLLER,src/app/Http/Controllers/Admin/VoyagerExamController.php,50
exams,CONTROLLER,src/app/Http/Controllers/Admin/VoyagerExamResultController.php,8
exams,CONTROLLER,src/app/Http/Controllers/Admin/VoyagerReportController.php,564
exams,MODEL,src/app/Models/Exam.php,8
exams,MODEL,src/app/Models/ExamResult.php,20
exams,OTHER,src/resources/views/email/notification.blade.php,9
exams,ROUTE,src/routes/admin.php,5
exams,REPORT_CONTROLLER,src/app/Http/Controllers/Admin/VoyagerReportController.php,546
exams,REPORT_VIEW,src/resources/views/vendor/voyager/reports/print/exam-report.blade.php,1
exams,REPORT_CONTROLLER,src/app/Http/Controllers/Admin/VoyagerReportController.php,646
exams,REPORT_VIEW,src/resources/views/vendor/voyager/reports/print/exam-result-sheet.blade.php,1
experiences,MODEL,src/app/Models/Exprience.php,11
experiences,OTHER,src/resources/views/about.blade.php,406
experiences,OTHER,src/resources/views/candidate-details.blade.php,477
experiences,OTHER,src/resources/views/candidates.blade.php,87
experiences,OTHER,src/resources/views/faq.blade.php,44
expertise_list,CONTROLLER,src/app/Http/Controllers/PageController.php,11
expertise_list,CONTROLLER,src/app/Http/Controllers/Admin/VoyagerMyPanelController.php,12
expertise_list,MODEL,src/app/Models/ExpertiseList.php,8
expertise_list,OTHER,src/resources/views/candidate-details.blade.php,528
failed_jobs,OTHER,src/config/queue.php,86
failed_jobs,OTHER,src/database/migrations/2019_08_19_000000_create_failed_jobs_table.php,16
flight_schedules,HELPER,src/app/Helpers/CommonClass.php,14
flight_schedules,CONTROLLER,src/app/Http/Controllers/Admin/VoyagerReportController.php,461
flight_schedules,MODEL,src/app/Models/Candidate.php,62
flight_schedules,MODEL,src/app/Models/FlightSchedule.php,8
flight_schedules,OTHER,src/app/Widgets/UpcommingFlightSchedule.php,29
flight_schedules,ROUTE,src/routes/admin.php,22
flight_schedules,REPORT_CONTROLLER,src/app/Http/Controllers/Admin/VoyagerReportController.php,459
flight_schedules,REPORT_VIEW,src/resources/views/vendor/voyager/reports/print/selected-candidate-report.blade.php,1
flight_schedules,REPORT_CONTROLLER,src/app/Http/Controllers/Admin/VoyagerReportController.php,489
flight_schedules,REPORT_VIEW,src/resources/views/vendor/voyager/reports/print/flight-report.blade.php,1
flight_schedules,REPORT_CONTROLLER,src/app/Http/Controllers/Admin/VoyagerReportController.php,573
flight_schedules,REPORT_VIEW,src/resources/views/vendor/voyager/reports/print/flight-schedule.blade.php,1
flight_schedules,REPORT_CONTROLLER,src/app/Http/Controllers/Admin/VoyagerReportController.php,706
flight_schedules,REPORT_VIEW,src/resources/views/vendor/voyager/reports/print/candidate-resume-report.blade.php,1
flight_schedules,REPORT_CONTROLLER,src/app/Http/Controllers/Admin/VoyagerReportController.php,716
flight_schedules,REPORT_VIEW,src/resources/views/vendor/voyager/reports/print/candidate-list-report.blade.php,1
interest_list,CONTROLLER,src/app/Http/Controllers/PageController.php,13
interest_list,CONTROLLER,src/app/Http/Controllers/Admin/VoyagerMyPanelController.php,14
interest_list,MODEL,src/app/Models/InterestList.php,8
interest_list,OTHER,src/resources/views/candidate-details.blade.php,573
invoice_candidates,MODEL,src/app/Models/Invoice.php,12
invoice_candidates,MODEL,src/app/Models/InvoiceCandidate.php,8
invoice_heads,MODEL,src/app/Models/InvoiceHead.php,8
invoice_lines,CONTROLLER,src/app/Http/Controllers/Admin/VoyagerInvoiceController.php,7
invoice_lines,CONTROLLER,src/app/Http/Controllers/Admin/VoyagerTicketInvoiceController.php,10
invoice_lines,MODEL,src/app/Models/Invoice.php,12
invoice_lines,MODEL,src/app/Models/InvoiceLine.php,8
invoice_lines,MODEL,src/app/Models/TicketInvoice.php,10
invoice_money_receipts,OTHER,src/app/Actions/InvoiceMoneyReceiptAction.php,5
invoice_money_receipts,OTHER,src/app/Actions/TicketInvoiceMoneyReceiptAction.php,5
invoice_money_receipts,CONTROLLER,src/app/Http/Controllers/Admin/VoyagerInvoiceMoneyReceiptController.php,6
invoice_money_receipts,CONTROLLER,src/app/Http/Controllers/Admin/VoyagerReportController.php,859
invoice_money_receipts,CONTROLLER,src/app/Http/Controllers/Admin/VoyagerTicketInvoiceMoneyReceiptController.php,6
invoice_money_receipts,MODEL,src/app/Models/InvoiceMoneyReceipt.php,8
invoice_money_receipts,REPORT_CONTROLLER,src/app/Http/Controllers/Admin/VoyagerReportController.php,856
invoice_money_receipts,REPORT_VIEW,src/resources/views/vendor/voyager/reports/print/money-receipt-report.blade.php,1
invoices,OTHER,src/app/Actions/InvoiceMoneyReceiptAction.php,19
invoices,OTHER,src/app/Actions/InvoicePrintAction.php,11
invoices,OTHER,src/app/Actions/PurchaseInvoiceAction.php,11
invoices,OTHER,src/app/Actions/SalesInvoiceAction.php,11
invoices,OTHER,src/app/Actions/TicketInvoiceMoneyReceiptAction.php,19
invoices,OTHER,src/app/Actions/TicketInvoicePrintAction.php,11
invoices,CONTROLLER,src/app/Http/Controllers/Admin/VoyagerAjaxController.php,94
invoices,CONTROLLER,src/app/Http/Controllers/Admin/VoyagerInvoiceController.php,6
invoices,CONTROLLER,src/app/Http/Controllers/Admin/VoyagerInvoiceMoneyReceiptController.php,5
invoices,CONTROLLER,src/app/Http/Controllers/Admin/VoyagerMyPanelController.php,816
invoices,CONTROLLER,src/app/Http/Controllers/Admin/VoyagerReportController.php,859
invoices,CONTROLLER,src/app/Http/Controllers/Admin/VoyagerTicketInvoiceController.php,9
invoices,CONTROLLER,src/app/Http/Controllers/Admin/VoyagerTicketInvoiceMoneyReceiptController.php,5
invoices,MODEL,src/app/Models/Invoice.php,10
invoices,MODEL,src/app/Models/InvoiceMoneyReceipt.php,10
invoices,MODEL,src/app/Models/TicketInvoiceMoneyReceipt.php,10
invoices,OTHER,src/resources/views/email/payment_status.blade.php,126
invoices,ROUTE,src/routes/admin.php,36
invoices,REPORT_CONTROLLER,src/app/Http/Controllers/Admin/VoyagerReportController.php,856
invoices,REPORT_VIEW,src/resources/views/vendor/voyager/reports/print/money-receipt-report.blade.php,1
labour_contracts,HELPER,src/app/Helpers/CommonClass.php,15
labour_contracts,MODEL,src/app/Models/LabourContract.php,8
language_list,CONTROLLER,src/app/Http/Controllers/PageController.php,14
language_list,CONTROLLER,src/app/Http/Controllers/Admin/VoyagerMyPanelController.php,15
language_list,MODEL,src/app/Models/LanguageList.php,8
language_list,OTHER,src/resources/views/candidate-details.blade.php,484
license_positions,CONTROLLER,src/app/Http/Controllers/Admin/VoyagerLicenseController.php,7
license_positions,MODEL,src/app/Models/License.php,11
license_positions,MODEL,src/app/Models/LicensePosition.php,8
licenses,OTHER,src/composer.json,9
licenses,MODEL,src/app/Models/License.php,8
live_status,HELPER,src/app/Helpers/CommonClass.php,16
live_status,MODEL,src/app/Models/LiveStatus.php,8
manpower_trainings,HELPER,src/app/Helpers/CommonClass.php,17
manpower_trainings,MODEL,src/app/Models/ManpowerTraining.php,8
medicals,CONTROLLER,src/app/Http/Controllers/Admin/VoyagerAjaxController.php,271
medicals,MODEL,src/app/Models/Medical.php,8
medicals,OTHER,src/resources/views/about.blade.php,161
medicals,OTHER,src/resources/views/employers.blade.php,119
medicals,OTHER,src/resources/views/home1.blade.php,53
medicals,OTHER,src/resources/views/welcome.blade.php,310
menu_items,OTHER,src/config/voyager.php,86
menu_items,OTHER,src/database/seeders/CategoriesTableSeeder.php,10
menu_items,OTHER,src/database/seeders/MenuItemsTableSeeder.php,7
menu_items,OTHER,src/database/seeders/PagesTableSeeder.php,9
menu_items,OTHER,src/database/seeders/PostsTableSeeder.php,9
menu_items,OTHER,src/database/seeders/TranslationsTableSeeder.php,8
menus,OTHER,src/config/voyager.php,182
menus,OTHER,src/database/seeders/CategoriesTableSeeder.php,9
menus,OTHER,src/database/seeders/DataRowsTableSeeder.php,17
menus,OTHER,src/database/seeders/DataTypesTableSeeder.php,30
menus,OTHER,src/database/seeders/MenuItemsTableSeeder.php,6
menus,OTHER,src/database/seeders/MenusTableSeeder.php,6
menus,OTHER,src/database/seeders/PagesTableSeeder.php,8
menus,OTHER,src/database/seeders/PermissionsTableSeeder.php,30
menus,OTHER,src/database/seeders/PostsTableSeeder.php,8
menus,OTHER,src/database/seeders/TranslationsTableSeeder.php,75
menus,OTHER,src/resources/views/about.blade.php,14
menus,OTHER,src/resources/views/dashboard.blade.php,19
menus,OTHER,src/resources/views/home1.blade.php,446
menus,OTHER,src/resources/views/layout.blade.php,28
menus,OTHER,src/resources/views/welcome.blade.php,28
menus,OTHER,src/resources/views/livewire/login.blade.php,10
migrations,OTHER,src/bootstrap/cache/services.php,171
migrations,OTHER,src/config/database.php,98
migrations,OTHER,src/config/voyager.php,86
migrations,OTHER,src/database/migrations/2014_10_12_000000_create_users_table.php,3
migrations,OTHER,src/database/migrations/2014_10_12_100000_create_password_resets_table.php,3
migrations,OTHER,src/database/migrations/2016_01_01_000000_create_pages_table.php,3
migrations,OTHER,src/database/migrations/2016_01_01_000000_create_posts_table.php,3
migrations,OTHER,src/database/migrations/2016_02_15_204651_create_categories_table.php,3
migrations,OTHER,src/database/migrations/2017_04_11_000000_alter_post_nullable_fields_table.php,3
migrations,OTHER,src/database/migrations/2019_08_19_000000_create_failed_jobs_table.php,3
notification_class_groups,MODEL,src/app/Models/NotificationClassGroup.php,8
notifications,HELPER,src/app/Helpers/CommonClass.php,18
notifications,CONTROLLER,src/app/Http/Controllers/Admin/VoyagerAjaxController.php,9
notifications,CONTROLLER,src/app/Http/Controllers/Admin/VoyagerCandidateDocumentController.php,9
notifications,CONTROLLER,src/app/Http/Controllers/Admin/VoyagerCandidatesController.php,10
notifications,CONTROLLER,src/app/Http/Controllers/Admin/VoyagerExamController.php,7
notifications,CONTROLLER,src/app/Http/Controllers/Admin/VoyagerExamResultController.php,9
notifications,CONTROLLER,src/app/Http/Controllers/Admin/VoyagerMyPanelController.php,16
notifications,CONTROLLER,src/app/Http/Controllers/Admin/VoyagerPaymentRequestController.php,8
notifications,CONTROLLER,src/app/Http/Controllers/Admin/VoyagerSubAgentPaymentRequestController.php,9
notifications,CONTROLLER,src/app/Http/Controllers/Auth/ForgotPasswordController.php,16
notifications,MODEL,src/app/Models/Notification.php,10
notifications,MODEL,src/app/Models/User.php,10
notifications,OTHER,src/bootstrap/cache/services.php,16
notifications,OTHER,src/config/app.php,11
notifications,OTHER,src/resources/views/about.blade.php,125
notifications,OTHER,src/resources/views/dashboard.blade.php,292
notifications,OTHER,src/resources/views/layout.blade.php,285
notifications,OTHER,src/resources/views/welcome.blade.php,274
notifications,OTHER,src/resources/views/email/notification.blade.php,9
notifications,ROUTE,src/routes/admin.php,47
pages,OTHER,src/default.php,4
pages,CONTROLLER,src/app/Http/Controllers/Admin/AuthenticationController.php,81
pages,CONTROLLER,src/app/Http/Controllers/Admin/VoyagerAgencyController.php,25
pages,CONTROLLER,src/app/Http/Controllers/Admin/VoyagerArcController.php,25
pages,CONTROLLER,src/app/Http/Controllers/Admin/VoyagerCandidatesController.php,34
pages,CONTROLLER,src/app/Http/Controllers/Admin/VoyagerCompanyController.php,25
pages,CONTROLLER,src/app/Http/Controllers/Admin/VoyagerDatabaseController.php,48
pages,CONTROLLER,src/app/Http/Controllers/Admin/VoyagerFlightScheduleController.php,25
pages,CONTROLLER,src/app/Http/Controllers/Admin/VoyagerLabourContractController.php,25
pages,CONTROLLER,src/app/Http/Controllers/Admin/VoyagerManpowerController.php,25
pages,CONTROLLER,src/app/Http/Controllers/Admin/VoyagerMedicalMinistryController.php,25
pages,CONTROLLER,src/app/Http/Controllers/Admin/VoyagerPoliceClearanceController.php,25
pages,CONTROLLER,src/app/Http/Controllers/Admin/VoyagerReportController.php,25
pages,CONTROLLER,src/app/Http/Controllers/Admin/VoyagerSubAgentController.php,30
pages,CONTROLLER,src/app/Http/Controllers/Admin/VoyagerVisaImmigrationController.php,25
pages,OTHER,src/config/app.php,38
pages,OTHER,src/database/migrations/2016_01_01_000000_create_pages_table.php,5
pages,OTHER,src/database/seeders/PagesTableSeeder.php,10
pages,OTHER,src/database/seeders/TranslationsTableSeeder.php,9
pages,OTHER,src/resources/views/about.blade.php,78
pages,OTHER,src/resources/views/agent-registration.blade.php,18
pages,OTHER,src/resources/views/blank.blade.php,3
pages,OTHER,src/resources/views/candidate-details.blade.php,335
pages,OTHER,src/resources/views/candidates.blade.php,20
pages,OTHER,src/resources/views/contact.blade.php,20
pages,OTHER,src/resources/views/dashboard.blade.php,58
pages,OTHER,src/resources/views/down.blade.php,81
pages,OTHER,src/resources/views/employers.blade.php,20
pages,OTHER,src/resources/views/faq.blade.php,20
pages,OTHER,src/resources/views/login.blade.php,18
pages,OTHER,src/resources/views/registration.blade.php,12
pages,OTHER,src/resources/views/welcome.blade.php,227
password_resets,OTHER,src/config/auth.php,98
password_resets,OTHER,src/config/voyager.php,86
password_resets,OTHER,src/database/migrations/2014_10_12_100000_create_password_resets_table.php,16
payment_requests,HELPER,src/app/Helpers/CommonClass.php,19
payment_requests,CONTROLLER,src/app/Http/Controllers/Admin/VoyagerAjaxController.php,11
payment_requests,CONTROLLER,src/app/Http/Controllers/Admin/VoyagerCandidateDocumentController.php,8
payment_requests,CONTROLLER,src/app/Http/Controllers/Admin/VoyagerMyPanelController.php,18
payment_requests,CONTROLLER,src/app/Http/Controllers/Admin/VoyagerPaymentRequestController.php,7
payment_requests,CONTROLLER,src/app/Http/Controllers/Admin/VoyagerSubAgentPaymentRequestController.php,8
payment_requests,MODEL,src/app/Models/PaymentRequest.php,8
payment_requests,ROUTE,src/routes/admin.php,82
payments,OTHER,src/app/Actions/AgentPaymentAction.php,11
payments,OTHER,src/app/Actions/CustomerPaymentAction.php,11
payments,OTHER,src/app/Actions/InvoicePrintAction.php,36
payments,OTHER,src/app/Actions/PaymentApprovalAction.php,32
payments,OTHER,src/app/Actions/SupplierPaymentAction.php,11
payments,OTHER,src/app/Actions/TeacherPaymentAction.php,11
payments,OTHER,src/app/Actions/TicketInvoicePrintAction.php,36
payments,CONTROLLER,src/app/Http/Controllers/Admin/VoyagerAjaxController.php,10
payments,CONTROLLER,src/app/Http/Controllers/Admin/VoyagerDatabaseController.php,79
payments,CONTROLLER,src/app/Http/Controllers/Admin/VoyagerMyPanelController.php,17
payments,CONTROLLER,src/app/Http/Controllers/Admin/VoyagerPaymentController.php,8
payments,CONTROLLER,src/app/Http/Controllers/Admin/VoyagerPaymentRequestController.php,91
payments,CONTROLLER,src/app/Http/Controllers/Admin/VoyagerReportController.php,7
payments,CONTROLLER,src/app/Http/Controllers/Admin/VoyagerSubAgentPaymentRequestController.php,93
payments,MODEL,src/app/Models/Agent.php,12
payments,MODEL,src/app/Models/Employee.php,13
payments,MODEL,src/app/Models/Employer.php,13
payments,MODEL,src/app/Models/Payment.php,11
payments,MODEL,src/app/Models/SubAgent.php,12
payments,MODEL,src/app/Models/Teacher.php,13
payments,OTHER,src/resources/views/email/payment_status.blade.php,113
payments,ROUTE,src/routes/admin.php,49
payments,REPORT_CONTROLLER,src/app/Http/Controllers/Admin/VoyagerReportController.php,394
payments,REPORT_VIEW,src/resources/views/vendor/voyager/reports/print/agent-ledger.blade.php,1
payments,REPORT_CONTROLLER,src/app/Http/Controllers/Admin/VoyagerReportController.php,573
payments,REPORT_VIEW,src/resources/views/vendor/voyager/reports/print/flight-schedule.blade.php,1
permission_role,OTHER,src/config/voyager.php,86
permissions,CONTROLLER,src/app/Http/Controllers/Admin/VoyagerAgencierController.php,29
permissions,CONTROLLER,src/app/Http/Controllers/Admin/VoyagerAgencyController.php,31
permissions,CONTROLLER,src/app/Http/Controllers/Admin/VoyagerAgentController.php,30
permissions,CONTROLLER,src/app/Http/Controllers/Admin/VoyagerAnnouncementsController.php,30
permissions,CONTROLLER,src/app/Http/Controllers/Admin/VoyagerArcController.php,31
permissions,CONTROLLER,src/app/Http/Controllers/Admin/VoyagerCandidateDocumentController.php,27
permissions,CONTROLLER,src/app/Http/Controllers/Admin/VoyagerCandidatesController.php,40
permissions,CONTROLLER,src/app/Http/Controllers/Admin/VoyagerCompanierController.php,29
permissions,CONTROLLER,src/app/Http/Controllers/Admin/VoyagerCompanyController.php,31
permissions,CONTROLLER,src/app/Http/Controllers/Admin/VoyagerEmployeeController.php,29
permissions,CONTROLLER,src/app/Http/Controllers/Admin/VoyagerEmployerController.php,29
permissions,CONTROLLER,src/app/Http/Controllers/Admin/VoyagerExamController.php,23
permissions,CONTROLLER,src/app/Http/Controllers/Admin/VoyagerExamResultController.php,56
permissions,CONTROLLER,src/app/Http/Controllers/Admin/VoyagerFlightScheduleController.php,31
permissions,CONTROLLER,src/app/Http/Controllers/Admin/VoyagerInvoiceController.php,42
permissions,CONTROLLER,src/app/Http/Controllers/Admin/VoyagerInvoiceMoneyReceiptController.php,68
permissions,CONTROLLER,src/app/Http/Controllers/Admin/VoyagerLabourContractController.php,31
permissions,CONTROLLER,src/app/Http/Controllers/Admin/VoyagerLicenseController.php,24
permissions,CONTROLLER,src/app/Http/Controllers/Admin/VoyagerManpowerController.php,31
permissions,CONTROLLER,src/app/Http/Controllers/Admin/VoyagerMedicalMinistryController.php,31
permissions,CONTROLLER,src/app/Http/Controllers/Admin/VoyagerMyPanelController.php,215
permissions,CONTROLLER,src/app/Http/Controllers/Admin/VoyagerNotificationsController.php,32
permissions,CONTROLLER,src/app/Http/Controllers/Admin/VoyagerPaymentRequestController.php,26
permissions,CONTROLLER,src/app/Http/Controllers/Admin/VoyagerPoliceClearanceController.php,31
permissions,CONTROLLER,src/app/Http/Controllers/Admin/VoyagerProfileController.php,63
permissions,CONTROLLER,src/app/Http/Controllers/Admin/VoyagerReportController.php,31
permissions,CONTROLLER,src/app/Http/Controllers/Admin/VoyagerSubAgentController.php,36
permissions,CONTROLLER,src/app/Http/Controllers/Admin/VoyagerSubAgentPaymentRequestController.php,28
permissions,CONTROLLER,src/app/Http/Controllers/Admin/VoyagerTeacherController.php,29
permissions,CONTROLLER,src/app/Http/Controllers/Admin/VoyagerTicketInvoiceController.php,28
permissions,CONTROLLER,src/app/Http/Controllers/Admin/VoyagerTicketInvoiceMoneyReceiptController.php,68
permissions,CONTROLLER,src/app/Http/Controllers/Admin/VoyagerVisaImmigrationController.php,31
permissions,MODEL,src/app/Models/Role.php,27
permissions,OTHER,src/config/voyager.php,188
permissions,OTHER,src/database/seeders/CategoriesTableSeeder.php,11
permissions,OTHER,src/database/seeders/PagesTableSeeder.php,11
permissions,OTHER,src/database/seeders/PermissionRoleTableSeeder.php,6
permissions,OTHER,src/database/seeders/PermissionsTableSeeder.php,6
permissions,OTHER,src/database/seeders/PostsTableSeeder.php,10
police_clearances,HELPER,src/app/Helpers/CommonClass.php,20
police_clearances,CONTROLLER,src/app/Http/Controllers/Admin/VoyagerReportController.php,752
police_clearances,MODEL,src/app/Models/PoliceClearance.php,8
police_clearances,REPORT_CONTROLLER,src/app/Http/Controllers/Admin/VoyagerReportController.php,749
police_clearances,REPORT_VIEW,src/resources/views/vendor/voyager/reports/print/police-clearance-report.blade.php,1
positions,HELPER,src/app/Helpers/CodeMinify.php,110
positions,HELPER,src/app/Helpers/CommonClass.php,259
positions,MODEL,src/app/Models/Candidate.php,36
positions,MODEL,src/app/Models/LicensePosition.php,10
positions,MODEL,src/app/Models/Position.php,8
positions,OTHER,src/app/Widgets/AgentCandidateSummary.php,24
positions,OTHER,src/app/Widgets/GroupChangeDate.php,24
positions,OTHER,src/app/Widgets/SelectedCandidateSlider.php,27
positions,OTHER,src/app/Widgets/SelectedCandidateSummary.php,16
positions,OTHER,src/app/Widgets/TableDim.php,16
positions,OTHER,src/config/voyager.php,251
positions,OTHER,src/resources/views/candidate-details.blade.php,48
positions,OTHER,src/resources/views/candidates.blade.php,68
positions,OTHER,src/resources/views/faq.blade.php,57
positions,OTHER,src/resources/views/home.blade.php,20
positions,OTHER,src/resources/views/home1.blade.php,14
positions,OTHER,src/resources/views/welcome.blade.php,334
positions,REPORT_CONTROLLER,src/app/Http/Controllers/Admin/VoyagerReportController.php,459
positions,REPORT_VIEW,src/resources/views/vendor/voyager/reports/print/selected-candidate-report.blade.php,1
positions,REPORT_CONTROLLER,src/app/Http/Controllers/Admin/VoyagerReportController.php,516
positions,REPORT_VIEW,src/resources/views/vendor/voyager/reports/print/employer-report.blade.php,1
positions,REPORT_CONTROLLER,src/app/Http/Controllers/Admin/VoyagerReportController.php,706
positions,REPORT_VIEW,src/resources/views/vendor/voyager/reports/print/candidate-resume-report.blade.php,1
positions,REPORT_CONTROLLER,src/app/Http/Controllers/Admin/VoyagerReportController.php,716
positions,REPORT_VIEW,src/resources/views/vendor/voyager/reports/print/candidate-list-report.blade.php,1
posts,OTHER,src/composer.json,57
posts,OTHER,src/app/Actions/AttributeValueAction.php,34
posts,CONTROLLER,src/app/Http/Controllers/PageController.php,20
posts,CONTROLLER,src/app/Http/Controllers/Admin/AuthenticationController.php,21
posts,CONTROLLER,src/app/Http/Controllers/Admin/VoyagerAgencyController.php,25
posts,CONTROLLER,src/app/Http/Controllers/Admin/VoyagerAjaxController.php,67
posts,CONTROLLER,src/app/Http/Controllers/Admin/VoyagerArcController.php,25
posts,CONTROLLER,src/app/Http/Controllers/Admin/VoyagerCandidatesController.php,34
posts,CONTROLLER,src/app/Http/Controllers/Admin/VoyagerCompanyController.php,25
posts,CONTROLLER,src/app/Http/Controllers/Admin/VoyagerDatabaseController.php,54
posts,CONTROLLER,src/app/Http/Controllers/Admin/VoyagerFlightScheduleController.php,25
posts,CONTROLLER,src/app/Http/Controllers/Admin/VoyagerInvoiceController.php,16
posts,CONTROLLER,src/app/Http/Controllers/Admin/VoyagerLabourContractController.php,25
posts,CONTROLLER,src/app/Http/Controllers/Admin/VoyagerLicenseController.php,15
posts,CONTROLLER,src/app/Http/Controllers/Admin/VoyagerManpowerController.php,25
posts,CONTROLLER,src/app/Http/Controllers/Admin/VoyagerMedicalMinistryController.php,25
posts,CONTROLLER,src/app/Http/Controllers/Admin/VoyagerPoliceClearanceController.php,25
posts,CONTROLLER,src/app/Http/Controllers/Admin/VoyagerReportController.php,25
posts,CONTROLLER,src/app/Http/Controllers/Admin/VoyagerSubAgentController.php,30
posts,CONTROLLER,src/app/Http/Controllers/Admin/VoyagerTicketInvoiceController.php,21
posts,CONTROLLER,src/app/Http/Controllers/Admin/VoyagerVisaImmigrationController.php,25
posts,OTHER,src/database/migrations/2016_01_01_000000_create_posts_table.php,16
posts,OTHER,src/database/migrations/2017_04_11_000000_alter_post_nullable_fields_table.php,19
posts,OTHER,src/database/seeders/PostsTableSeeder.php,11
posts,OTHER,src/database/seeders/TranslationsTableSeeder.php,59
posts,OTHER,src/resources/views/candidate-details.blade.php,907
posts,OTHER,src/resources/views/candidates.blade.php,440
posts,OTHER,src/resources/views/contact.blade.php,89
posts,OTHER,src/resources/views/home.blade.php,54
posts,OTHER,src/resources/views/home1.blade.php,134
posts,OTHER,src/resources/views/layout.blade.php,161
posts,OTHER,src/resources/views/welcome.blade.php,95
posts,OTHER,src/resources/views/livewire/login.blade.php,19
posts,ROUTE,src/routes/admin.php,18
posts,ROUTE,src/routes/web.php,43
reports,OTHER,src/app/Actions/InvoiceMoneyReceiptAction.php,53
reports,OTHER,src/app/Actions/InvoicePrintAction.php,35
reports,OTHER,src/app/Actions/TicketInvoiceMoneyReceiptAction.php,53
reports,OTHER,src/app/Actions/TicketInvoicePrintAction.php,35
reports,CONTROLLER,src/app/Http/Controllers/Admin/VoyagerInvoiceController.php,161
reports,CONTROLLER,src/app/Http/Controllers/Admin/VoyagerInvoiceMoneyReceiptController.php,24
reports,CONTROLLER,src/app/Http/Controllers/Admin/VoyagerReportController.php,195
reports,CONTROLLER,src/app/Http/Controllers/Admin/VoyagerTicketInvoiceController.php,193
reports,CONTROLLER,src/app/Http/Controllers/Admin/VoyagerTicketInvoiceMoneyReceiptController.php,24
reports,MODEL,src/app/Models/Report.php,8
reports,ROUTE,src/routes/admin.php,17
roles,HELPER,src/app/Helpers/CommonClass.php,218
roles,CONTROLLER,src/app/Http/Controllers/Admin/VoyagerAgencierController.php,7
roles,CONTROLLER,src/app/Http/Controllers/Admin/VoyagerCandidateDocumentController.php,221
roles,CONTROLLER,src/app/Http/Controllers/Admin/VoyagerCandidatesController.php,501
roles,CONTROLLER,src/app/Http/Controllers/Admin/VoyagerCompanierController.php,7
roles,CONTROLLER,src/app/Http/Controllers/Admin/VoyagerEmployeeController.php,7
roles,CONTROLLER,src/app/Http/Controllers/Admin/VoyagerEmployerController.php,7
roles,CONTROLLER,src/app/Http/Controllers/Admin/VoyagerInvoiceController.php,223
roles,CONTROLLER,src/app/Http/Controllers/Admin/VoyagerMyPanelController.php,53
roles,CONTROLLER,src/app/Http/Controllers/Admin/VoyagerPaymentRequestController.php,205
roles,CONTROLLER,src/app/Http/Controllers/Admin/VoyagerSubAgentPaymentRequestController.php,207
roles,CONTROLLER,src/app/Http/Controllers/Admin/VoyagerTeacherController.php,7
roles,CONTROLLER,src/app/Http/Controllers/Admin/VoyagerTicketInvoiceController.php,254
roles,CONTROLLER,src/app/Http/Controllers/Admin/VoyagerUserController.php,6
roles,MODEL,src/app/Models/Candidate.php,84
roles,MODEL,src/app/Models/Role.php,12
roles,OTHER,src/config/voyager.php,191
roles,OTHER,src/database/migrations/2016_01_01_000000_create_pages_table.php,16
roles,OTHER,src/database/migrations/2016_01_01_000000_create_posts_table.php,15
roles,OTHER,src/database/seeders/DataRowsTableSeeder.php,18
roles,OTHER,src/database/seeders/DataTypesTableSeeder.php,44
roles,OTHER,src/database/seeders/MenuItemsTableSeeder.php,70
roles,OTHER,src/database/seeders/PermissionRoleTableSeeder.php,7
roles,OTHER,src/database/seeders/PermissionsTableSeeder.php,32
roles,OTHER,src/database/seeders/RolesTableSeeder.php,6
roles,OTHER,src/database/seeders/TranslationsTableSeeder.php,79
roles,OTHER,src/database/seeders/UsersTableSeeder.php,7
roles,OTHER,src/resources/views/candidate-details.blade.php,98
roles,OTHER,src/resources/views/layout.blade.php,465
roles,OTHER,src/resources/views/welcome.blade.php,1962
roles,OTHER,src/resources/views/livewire/agent-registration.blade.php,4
selected_candidates,MODEL,src/app/Models/SelectedCandidate.php,8
selected_candidates,OTHER,src/app/Widgets/AgentCandidateSummary.php,25
selected_candidates,OTHER,src/app/Widgets/GroupChangeDate.php,25
selected_candidates,OTHER,src/app/Widgets/SelectedCandidateSlider.php,17
selected_candidates,OTHER,src/app/Widgets/SelectedCandidateSummary.php,25
selected_candidates,OTHER,src/app/Widgets/TableDim.php,25
settings,OTHER,src/config/auth.php,87
settings,OTHER,src/config/cors.php,10
settings,OTHER,src/config/mail.php,24
settings,OTHER,src/config/session.php,165
settings,OTHER,src/config/voyager.php,25
settings,OTHER,src/database/seeders/DataRowsTableSeeder.php,191
settings,OTHER,src/database/seeders/MenuItemsTableSeeder.php,165
settings,OTHER,src/database/seeders/PermissionsTableSeeder.php,36
settings,OTHER,src/database/seeders/SettingsTableSeeder.php,6
settings,OTHER,src/database/seeders/TranslationsTableSeeder.php,200
settings,OTHER,src/resources/views/candidate-details.blade.php,349
settings,OTHER,src/resources/views/candidates.blade.php,147
skill_list,CONTROLLER,src/app/Http/Controllers/PageController.php,16
skill_list,CONTROLLER,src/app/Http/Controllers/Admin/VoyagerMyPanelController.php,21
skill_list,MODEL,src/app/Models/SkillList.php,8
skill_list,OTHER,src/resources/views/candidate-details.blade.php,540
skills,CONTROLLER,src/app/Http/Controllers/PageController.php,15
skills,CONTROLLER,src/app/Http/Controllers/Admin/VoyagerMyPanelController.php,20
skills,MODEL,src/app/Models/Skill.php,8
skills,OTHER,src/resources/views/about.blade.php,290
skills,OTHER,src/resources/views/candidate-details.blade.php,504
skills,OTHER,src/resources/views/candidates.blade.php,211
skills,OTHER,src/resources/views/employers.blade.php,154
skills,OTHER,src/resources/views/faq.blade.php,44
skills,OTHER,src/resources/views/home.blade.php,73
skills,OTHER,src/resources/views/home1.blade.php,1198
skills,OTHER,src/resources/views/welcome.blade.php,1518
sub_agent_payment_requests,CONTROLLER,src/app/Http/Controllers/Admin/VoyagerAjaxController.php,12
sub_agent_payment_requests,CONTROLLER,src/app/Http/Controllers/Admin/VoyagerMyPanelController.php,19
sub_agent_payment_requests,CONTROLLER,src/app/Http/Controllers/Admin/VoyagerSubAgentPaymentRequestController.php,8
sub_agent_payment_requests,MODEL,src/app/Models/SubAgentPaymentRequest.php,8
sub_agents,HELPER,src/app/Helpers/CommonClass.php,7
sub_agents,CONTROLLER,src/app/Http/Controllers/Admin/VoyagerAjaxController.php,13
sub_agents,CONTROLLER,src/app/Http/Controllers/Admin/VoyagerCandidateDocumentController.php,94
sub_agents,CONTROLLER,src/app/Http/Controllers/Admin/VoyagerCandidatesController.php,11
sub_agents,CONTROLLER,src/app/Http/Controllers/Admin/VoyagerMyPanelController.php,22
sub_agents,CONTROLLER,src/app/Http/Controllers/Admin/VoyagerPaymentRequestController.php,98
sub_agents,CONTROLLER,src/app/Http/Controllers/Admin/VoyagerSubAgentController.php,8
sub_agents,CONTROLLER,src/app/Http/Controllers/Admin/VoyagerSubAgentPaymentRequestController.php,7
sub_agents,MODEL,src/app/Models/Candidate.php,26
sub_agents,MODEL,src/app/Models/Payment.php,14
sub_agents,MODEL,src/app/Models/SubAgent.php,8
sub_agents,MODEL,src/app/Models/SubAgentPaymentRequest.php,13
teachers,OTHER,src/app/Actions/ClassScheduleAction.php,29
teachers,HELPER,src/app/Helpers/CommonClass.php,22
teachers,CONTROLLER,src/app/Http/Controllers/Admin/VoyagerMyPanelController.php,23
teachers,CONTROLLER,src/app/Http/Controllers/Admin/VoyagerPaymentController.php,9
teachers,CONTROLLER,src/app/Http/Controllers/Admin/VoyagerReportController.php,624
teachers,CONTROLLER,src/app/Http/Controllers/Admin/VoyagerTeacherController.php,35
teachers,CONTROLLER,src/app/Http/Controllers/Admin/VoyagerUserController.php,60
teachers,MODEL,src/app/Models/ClassSchedule.php,19
teachers,MODEL,src/app/Models/Teacher.php,10
teachers,OTHER,src/app/Widgets/AgentBalance.php,47
teachers,OTHER,src/app/Widgets/AgentCandidateSummary.php,44
teachers,OTHER,src/app/Widgets/Announcement.php,47
teachers,OTHER,src/app/Widgets/GroupChangeDate.php,44
teachers,OTHER,src/app/Widgets/SelectedCandidateSummary.php,45
teachers,OTHER,src/app/Widgets/TableDim.php,44
teachers,OTHER,src/app/Widgets/TodaysCalss.php,16
teachers,OTHER,src/app/Widgets/UpcomingInterviewSchedule.php,16
teachers,OTHER,src/app/Widgets/UpcommingFlightSchedule.php,55
teachers,OTHER,src/resources/views/employers.blade.php,124
teachers,OTHER,src/resources/views/home1.blade.php,58
teachers,OTHER,src/resources/views/layout.blade.php,91
teachers,OTHER,src/resources/views/welcome.blade.php,62
teachers,ROUTE,src/routes/admin.php,25
teachers,REPORT_CONTROLLER,src/app/Http/Controllers/Admin/VoyagerReportController.php,621
teachers,REPORT_VIEW,src/resources/views/vendor/voyager/reports/print/teacher-schedule.blade.php,1
thanas,MODEL,src/app/Models/Thana.php,8
thanas,OTHER,src/database/seeders/ThanaSeeder.php,18
ticket_companies,MODEL,src/app/Models/TicketCompany.php,8
ticket_invoice_lines,CONTROLLER,src/app/Http/Controllers/Admin/VoyagerTicketInvoiceController.php,13
ticket_invoice_lines,MODEL,src/app/Models/TicketInvoice.php,25
ticket_invoice_lines,MODEL,src/app/Models/TicketInvoiceLine.php,8
ticket_invoice_money_receipts,OTHER,src/app/Actions/TicketInvoiceMoneyReceiptAction.php,5
ticket_invoice_money_receipts,CONTROLLER,src/app/Http/Controllers/Admin/VoyagerReportController.php,860
ticket_invoice_money_receipts,CONTROLLER,src/app/Http/Controllers/Admin/VoyagerTicketInvoiceMoneyReceiptController.php,6
ticket_invoice_money_receipts,MODEL,src/app/Models/TicketInvoiceMoneyReceipt.php,8
ticket_invoice_money_receipts,REPORT_CONTROLLER,src/app/Http/Controllers/Admin/VoyagerReportController.php,856
ticket_invoice_money_receipts,REPORT_VIEW,src/resources/views/vendor/voyager/reports/print/money-receipt-report.blade.php,1
ticket_invoices,CONTROLLER,src/app/Http/Controllers/Admin/VoyagerReportController.php,830
ticket_invoices,CONTROLLER,src/app/Http/Controllers/Admin/VoyagerTicketInvoiceController.php,12
ticket_invoices,CONTROLLER,src/app/Http/Controllers/Admin/VoyagerTicketInvoiceMoneyReceiptController.php,5
ticket_invoices,MODEL,src/app/Models/TicketInvoice.php,8
ticket_invoices,MODEL,src/app/Models/TicketInvoiceMoneyReceipt.php,12
ticket_invoices,REPORT_CONTROLLER,src/app/Http/Controllers/Admin/VoyagerReportController.php,827
ticket_invoices,REPORT_VIEW,src/resources/views/vendor/voyager/reports/print/tickets-report.blade.php,1
ticket_invoices,REPORT_CONTROLLER,src/app/Http/Controllers/Admin/VoyagerReportController.php,856
ticket_invoices,REPORT_VIEW,src/resources/views/vendor/voyager/reports/print/money-receipt-report.blade.php,1
trainings,CONTROLLER,src/app/Http/Controllers/PageController.php,17
trainings,CONTROLLER,src/app/Http/Controllers/Admin/VoyagerMyPanelController.php,24
trainings,MODEL,src/app/Models/Training.php,8
trainings,OTHER,src/resources/views/about.blade.php,303
trainings,OTHER,src/resources/views/candidate-details.blade.php,609
translations,OTHER,src/bootstrap/cache/services.php,23
translations,OTHER,src/config/app.php,78
translations,OTHER,src/database/seeders/TranslationsTableSeeder.php,10
translations,OTHER,src/resources/views/employers.blade.php,126
translations,OTHER,src/resources/views/home1.blade.php,60
translations,OTHER,src/resources/views/welcome.blade.php,380
unions,MODEL,src/app/Models/Role.php,24
user_roles,MODEL,src/app/Models/Role.php,22
user_roles,OTHER,src/database/seeders/DataRowsTableSeeder.php,183
user_types,MODEL,src/app/Models/UserType.php,7
users,HELPER,src/app/Helpers/CommonClass.php,29
users,CONTROLLER,src/app/Http/Controllers/ApiController.php,7
users,CONTROLLER,src/app/Http/Controllers/PageController.php,18
users,CONTROLLER,src/app/Http/Controllers/Admin/AuthenticationController.php,24
users,CONTROLLER,src/app/Http/Controllers/Admin/VoyagerAgencierController.php,16
users,CONTROLLER,src/app/Http/Controllers/Admin/VoyagerAgencyController.php,61
users,CONTROLLER,src/app/Http/Controllers/Admin/VoyagerAgentController.php,17
users,CONTROLLER,src/app/Http/Controllers/Admin/VoyagerAjaxController.php,14
users,CONTROLLER,src/app/Http/Controllers/Admin/VoyagerAnnouncementsController.php,19
users,CONTROLLER,src/app/Http/Controllers/Admin/VoyagerArcController.php,61
users,CONTROLLER,src/app/Http/Controllers/Admin/VoyagerCandidateDocumentController.php,10
users,CONTROLLER,src/app/Http/Controllers/Admin/VoyagerCandidatesController.php,22
users,CONTROLLER,src/app/Http/Controllers/Admin/VoyagerCompanierController.php,16
users,CONTROLLER,src/app/Http/Controllers/Admin/VoyagerCompanyController.php,61
users,CONTROLLER,src/app/Http/Controllers/Admin/VoyagerDatabaseController.php,6
users,CONTROLLER,src/app/Http/Controllers/Admin/VoyagerEmployeeController.php,16
users,CONTROLLER,src/app/Http/Controllers/Admin/VoyagerEmployerController.php,16
users,CONTROLLER,src/app/Http/Controllers/Admin/VoyagerExamController.php,62
users,CONTROLLER,src/app/Http/Controllers/Admin/VoyagerExamResultController.php,92
users,CONTROLLER,src/app/Http/Controllers/Admin/VoyagerFlightScheduleController.php,61
users,CONTROLLER,src/app/Http/Controllers/Admin/VoyagerInvoiceMoneyReceiptController.php,117
users,CONTROLLER,src/app/Http/Controllers/Admin/VoyagerLabourContractController.php,61
users,CONTROLLER,src/app/Http/Controllers/Admin/VoyagerManpowerController.php,61
users,CONTROLLER,src/app/Http/Controllers/Admin/VoyagerMedicalMinistryController.php,61
users,CONTROLLER,src/app/Http/Controllers/Admin/VoyagerMyPanelController.php,40
users,CONTROLLER,src/app/Http/Controllers/Admin/VoyagerNotificationsController.php,19
users,CONTROLLER,src/app/Http/Controllers/Admin/VoyagerPaymentController.php,141
users,CONTROLLER,src/app/Http/Controllers/Admin/VoyagerPaymentRequestController.php,9
users,CONTROLLER,src/app/Http/Controllers/Admin/VoyagerPoliceClearanceController.php,61
users,CONTROLLER,src/app/Http/Controllers/Admin/VoyagerProfileController.php,6
users,CONTROLLER,src/app/Http/Controllers/Admin/VoyagerReportController.php,61
users,CONTROLLER,src/app/Http/Controllers/Admin/VoyagerSubAgentController.php,20
users,CONTROLLER,src/app/Http/Controllers/Admin/VoyagerSubAgentPaymentRequestController.php,10
users,CONTROLLER,src/app/Http/Controllers/Admin/VoyagerTeacherController.php,16
users,CONTROLLER,src/app/Http/Controllers/Admin/VoyagerTicketInvoiceMoneyReceiptController.php,117
users,CONTROLLER,src/app/Http/Controllers/Admin/VoyagerUserController.php,17
users,CONTROLLER,src/app/Http/Controllers/Admin/VoyagerVisaImmigrationController.php,61
users,CONTROLLER,src/app/Http/Controllers/Auth/ConfirmPasswordController.php,25
users,CONTROLLER,src/app/Http/Controllers/Auth/ForgotPasswordController.php,17
users,CONTROLLER,src/app/Http/Controllers/Auth/LoginController.php,16
users,CONTROLLER,src/app/Http/Controllers/Auth/RegisterController.php,7
users,CONTROLLER,src/app/Http/Controllers/Auth/ResetPasswordController.php,25
users,CONTROLLER,src/app/Http/Controllers/Auth/VerificationController.php,17
users,OTHER,src/app/Http/Livewire/AgentRegistration.php,7
users,OTHER,src/app/Http/Livewire/Login.php,20
users,OTHER,src/app/Http/Middleware/Authenticate.php,10
users,OTHER,src/app/Http/Middleware/Employer.php,19
users,OTHER,src/app/Managers/AuthManager.php,6
users,MODEL,src/app/Models/Candidate.php,49
users,MODEL,src/app/Models/Companier.php,20
users,MODEL,src/app/Models/Employee.php,26
users,MODEL,src/app/Models/Employer.php,26
users,MODEL,src/app/Models/Invoice.php,34
users,MODEL,src/app/Models/Notification.php,15
users,MODEL,src/app/Models/Payment.php,22
users,MODEL,src/app/Models/Role.php,18
users,MODEL,src/app/Models/Teacher.php,49
users,MODEL,src/app/Models/User.php,9
users,OTHER,src/app/Providers/RouteServiceProvider.php,16
users,SERVICE,src/app/Services/EmailService.php,26
users,OTHER,src/app/Widgets/AgentBalance.php,20
users,OTHER,src/app/Widgets/AgentCandidateSummary.php,20
users,OTHER,src/app/Widgets/Announcement.php,44
users,OTHER,src/app/Widgets/GroupChangeDate.php,20
users,OTHER,src/app/Widgets/SelectedCandidateSlider.php,45
users,OTHER,src/app/Widgets/SelectedCandidateSummary.php,20
users,OTHER,src/app/Widgets/TableDim.php,20
users,OTHER,src/app/Widgets/TodaysCalss.php,69
users,OTHER,src/app/Widgets/UpcomingInterviewSchedule.php,54
users,OTHER,src/app/Widgets/UpcommingFlightSchedule.php,20
users,OTHER,src/config/auth.php,18
users,OTHER,src/config/voyager.php,6
users,OTHER,src/database/factories/UserFactory.php,5
users,OTHER,src/database/migrations/2014_10_12_000000_create_users_table.php,16
users,OTHER,src/database/migrations/2016_01_01_000000_create_posts_table.php,32
users,OTHER,src/database/seeders/DatabaseSeeder.php,16
users,OTHER,src/database/seeders/DataRowsTableSeeder.php,16
users,OTHER,src/database/seeders/DataTypesTableSeeder.php,15
users,OTHER,src/database/seeders/MenuItemsTableSeeder.php,54
users,OTHER,src/database/seeders/PermissionsTableSeeder.php,34
users,OTHER,src/database/seeders/RolesTableSeeder.php,22
users,OTHER,src/database/seeders/TranslationsTableSeeder.php,67
users,OTHER,src/database/seeders/UsersTableSeeder.php,8
users,OTHER,src/resources/lang/en/auth.php,11
users,OTHER,src/resources/lang/en/passwords.php,20
users,OTHER,src/resources/views/about.blade.php,132
users,OTHER,src/resources/views/candidate-details.blade.php,367
users,OTHER,src/resources/views/candidates.blade.php,53
users,OTHER,src/resources/views/dashboard.blade.php,33
users,OTHER,src/resources/views/employers.blade.php,301
users,OTHER,src/resources/views/faq.blade.php,50
users,OTHER,src/resources/views/home.blade.php,83
users,OTHER,src/resources/views/home1.blade.php,1207
users,OTHER,src/resources/views/layout.blade.php,43
users,OTHER,src/resources/views/welcome.blade.php,90
users,OTHER,src/resources/views/email/generic_notification.blade.php,82
users,OTHER,src/resources/views/email/notification.blade.php,5
users,OTHER,src/resources/views/email/payment_status.blade.php,111
users,ROUTE,src/routes/admin.php,15
users,ROUTE,src/routes/api.php,17
users,ROUTE,src/routes/channels.php,12
visa_immigrations,HELPER,src/app/Helpers/CommonClass.php,23
visa_immigrations,CONTROLLER,src/app/Http/Controllers/Admin/VoyagerAjaxController.php,38
visa_immigrations,CONTROLLER,src/app/Http/Controllers/Admin/VoyagerReportController.php,461
visa_immigrations,MODEL,src/app/Models/Candidate.php,59
visa_immigrations,MODEL,src/app/Models/VisaImmigration.php,8
visa_immigrations,REPORT_CONTROLLER,src/app/Http/Controllers/Admin/VoyagerReportController.php,459
visa_immigrations,REPORT_VIEW,src/resources/views/vendor/voyager/reports/print/selected-candidate-report.blade.php,1
visa_immigrations,REPORT_CONTROLLER,src/app/Http/Controllers/Admin/VoyagerReportController.php,573
visa_immigrations,REPORT_VIEW,src/resources/views/vendor/voyager/reports/print/flight-schedule.blade.php,1
visa_immigrations,REPORT_CONTROLLER,src/app/Http/Controllers/Admin/VoyagerReportController.php,706
visa_immigrations,REPORT_VIEW,src/resources/views/vendor/voyager/reports/print/candidate-resume-report.blade.php,1
visa_immigrations,REPORT_CONTROLLER,src/app/Http/Controllers/Admin/VoyagerReportController.php,716
visa_immigrations,REPORT_VIEW,src/resources/views/vendor/voyager/reports/print/candidate-list-report.blade.php,1
visa_immigrations,REPORT_CONTROLLER,src/app/Http/Controllers/Admin/VoyagerReportController.php,801
visa_immigrations,REPORT_VIEW,src/resources/views/vendor/voyager/reports/print/visa-report.blade.php,1
